clean,corrupted,answer,correct_idx,incorrect_idx,paraphrase1,paraphrase2,paraphrase3,paraphrase4,paraphrase5,paraphrase6,paraphrase7,paraphrase8,paraphrase9
85+586=,602+168=,671,23403,20772,586+85=,586+85=,586+85=,586+85=,586+85=,586+85=,586+85=,586+85=,586+85=
490+271=,545+12=,761,25110,23906,271+490=,271+490=,271+490=,271+490=,271+490=,271+490=,271+490=,271+490=,271+490=
271+6=,151+288=,277,16367,20963,6+271=,6+271=,6+271=,6+271=,6+271=,6+271=,6+271=,6+271=,6+271=
48+52=,135+195=,100,1041,10568,52+48=,52+48=,52+48=,52+48=,52+48=,52+48=,52+48=,52+48=,52+48=
292+192=,187+52=,484,20339,14815,192+292=,192+292=,192+292=,192+292=,192+292=,192+292=,192+292=,192+292=,192+292=
34+303=,189+722=,337,17609,17000,303+34=,303+34=,303+34=,303+34=,303+34=,303+34=,303+34=,303+34=,303+34=
206+285=,276+445=,491,21824,20873,285+206=,285+206=,285+206=,285+206=,285+206=,285+206=,285+206=,285+206=,285+206=
12+188=,442+234=,200,1049,24187,188+12=,188+12=,188+12=,188+12=,188+12=,188+12=,188+12=,188+12=,188+12=
197+24=,75+731=,221,12425,22397,24+197=,24+197=,24+197=,24+197=,24+197=,24+197=,24+197=,24+197=,24+197=
193+123=,34+303=,316,15340,17609,123+193=,123+193=,123+193=,123+193=,123+193=,123+193=,123+193=,123+193=,123+193=
106+95=,190+275=,201,679,19988,95+106=,95+106=,95+106=,95+106=,95+106=,95+106=,95+106=,95+106=,95+106=
8+142=,302+112=,150,3965,17448,142+8=,142+8=,142+8=,142+8=,142+8=,142+8=,142+8=,142+8=,142+8=
523+144=,487+142=,667,19774,24239,144+523=,144+523=,144+523=,144+523=,144+523=,144+523=,144+523=,144+523=,144+523=
50+118=,373+486=,168,8953,24061,118+50=,118+50=,118+50=,118+50=,118+50=,118+50=,118+50=,118+50=,118+50=
194+694=,208+16=,888,12251,10697,694+194=,694+194=,694+194=,694+194=,694+194=,694+194=,694+194=,694+194=,694+194=
91+36=,151+37=,127,6804,9367,36+91=,36+91=,36+91=,36+91=,36+91=,36+91=,36+91=,36+91=,36+91=
328+5=,311+38=,333,8765,18634,5+328=,5+328=,5+328=,5+328=,5+328=,5+328=,5+328=,5+328=,5+328=
472+35=,393+221=,507,20068,22638,35+472=,35+472=,35+472=,35+472=,35+472=,35+472=,35+472=,35+472=,35+472=
363+208=,373+486=,571,22005,24061,208+363=,208+363=,208+363=,208+363=,208+363=,208+363=,208+363=,208+363=,208+363=
32+600=,75+32=,632,20775,7699,600+32=,600+32=,600+32=,600+32=,600+32=,600+32=,600+32=,600+32=,600+32=
114+595=,181+372=,709,22874,22663,595+114=,595+114=,595+114=,595+114=,595+114=,595+114=,595+114=,595+114=,595+114=
203+456=,65+60=,659,25090,6549,456+203=,456+203=,456+203=,456+203=,456+203=,456+203=,456+203=,456+203=,456+203=
63+250=,75+666=,313,15231,25021,250+63=,250+63=,250+63=,250+63=,250+63=,250+63=,250+63=,250+63=,250+63=
311+38=,310+24=,349,18634,17153,38+311=,38+311=,38+311=,38+311=,38+311=,38+311=,38+311=,38+311=,38+311=
30+103=,85+44=,133,9423,9748,103+30=,103+30=,103+30=,103+30=,103+30=,103+30=,103+30=,103+30=,103+30=
140+763=,97+13=,903,23305,5120,763+140=,763+140=,763+140=,763+140=,763+140=,763+140=,763+140=,763+140=,763+140=
377+288=,654+23=,665,23467,24375,288+377=,288+377=,288+377=,288+377=,288+377=,288+377=,288+377=,288+377=,288+377=
151+37=,292+192=,188,9367,20339,37+151=,37+151=,37+151=,37+151=,37+151=,37+151=,37+151=,37+151=,37+151=
285+286=,30+103=,571,22005,9423,286+285=,286+285=,286+285=,286+285=,286+285=,286+285=,286+285=,286+285=,286+285=
181+372=,208+16=,553,22663,10697,372+181=,372+181=,372+181=,372+181=,372+181=,372+181=,372+181=,372+181=,372+181=
748+194=,373+486=,942,20249,24061,194+748=,194+748=,194+748=,194+748=,194+748=,194+748=,194+748=,194+748=,194+748=
271+160=,30+103=,431,19852,9423,160+271=,160+271=,160+271=,160+271=,160+271=,160+271=,160+271=,160+271=,160+271=
545+12=,271+6=,557,23906,16367,12+545=,12+545=,12+545=,12+545=,12+545=,12+545=,12+545=,12+545=,12+545=
817+101=,85+44=,918,25828,9748,101+817=,101+817=,101+817=,101+817=,101+817=,101+817=,101+817=,101+817=,101+817=
409+158=,393+221=,567,19282,22638,158+409=,158+409=,158+409=,158+409=,158+409=,158+409=,158+409=,158+409=,158+409=
75+731=,374+85=,806,22397,22094,731+75=,731+75=,731+75=,731+75=,731+75=,731+75=,731+75=,731+75=,731+75=
767+108=,85+44=,875,17419,9748,108+767=,108+767=,108+767=,108+767=,108+767=,108+767=,108+767=,108+767=,108+767=
442+234=,472+35=,676,24187,20068,234+442=,234+442=,234+442=,234+442=,234+442=,234+442=,234+442=,234+442=,234+442=
602+168=,155+399=,770,20772,22303,168+602=,168+602=,168+602=,168+602=,168+602=,168+602=,168+602=,168+602=,168+602=
85+44=,323+525=,129,9748,24951,44+85=,44+85=,44+85=,44+85=,44+85=,44+85=,44+85=,44+85=,44+85=
627+348=,91+36=,975,24609,6804,348+627=,348+627=,348+627=,348+627=,348+627=,348+627=,348+627=,348+627=,348+627=
251+708=,158+526=,959,26328,24313,708+251=,708+251=,708+251=,708+251=,708+251=,708+251=,708+251=,708+251=,708+251=
117+335=,34+769=,452,21098,20899,335+117=,335+117=,335+117=,335+117=,335+117=,335+117=,335+117=,335+117=,335+117=
544+113=,568+84=,657,23480,23181,113+544=,113+544=,113+544=,113+544=,113+544=,113+544=,113+544=,113+544=,113+544=
320+394=,253+373=,714,23193,22385,394+320=,394+320=,394+320=,394+320=,394+320=,394+320=,394+320=,394+320=,394+320=
144+120=,134+299=,264,12815,20153,120+144=,120+144=,120+144=,120+144=,120+144=,120+144=,120+144=,120+144=,120+144=
151+288=,846+128=,439,20963,26007,288+151=,288+151=,288+151=,288+151=,288+151=,288+151=,288+151=,288+151=,288+151=
39+430=,123+153=,469,21330,16660,430+39=,430+39=,430+39=,430+39=,430+39=,430+39=,430+39=,430+39=,430+39=
151+520=,462+407=,671,23403,26497,520+151=,520+151=,520+151=,520+151=,520+151=,520+151=,520+151=,520+151=,520+151=
283+499=,340+187=,782,23833,22369,499+283=,499+283=,499+283=,499+283=,499+283=,499+283=,499+283=,499+283=,499+283=
282+376=,206+285=,658,23654,21824,376+282=,376+282=,376+282=,376+282=,376+282=,376+282=,376+282=,376+282=,376+282=
654+23=,603+167=,677,24375,20772,23+654=,23+654=,23+654=,23+654=,23+654=,23+654=,23+654=,23+654=,23+654=
1+250=,377+288=,251,13860,23467,250+1=,250+1=,250+1=,250+1=,250+1=,250+1=,250+1=,250+1=,250+1=
374+85=,206+285=,459,22094,21824,85+374=,85+374=,85+374=,85+374=,85+374=,85+374=,85+374=,85+374=,85+374=
562+176=,123+153=,738,25527,16660,176+562=,176+562=,176+562=,176+562=,176+562=,176+562=,176+562=,176+562=,176+562=
604+326=,568+84=,930,19306,23181,326+604=,326+604=,326+604=,326+604=,326+604=,326+604=,326+604=,326+604=,326+604=
568+84=,117+335=,652,23181,21098,84+568=,84+568=,84+568=,84+568=,84+568=,84+568=,84+568=,84+568=,84+568=
158+526=,374+85=,684,24313,22094,526+158=,526+158=,526+158=,526+158=,526+158=,526+158=,526+158=,526+158=,526+158=
393+221=,311+38=,614,22638,18634,221+393=,221+393=,221+393=,221+393=,221+393=,221+393=,221+393=,221+393=,221+393=
352+593=,374+85=,945,24599,22094,593+352=,593+352=,593+352=,593+352=,593+352=,593+352=,593+352=,593+352=,593+352=
253+373=,208+16=,626,22385,10697,373+253=,373+253=,373+253=,373+253=,373+253=,373+253=,373+253=,373+253=,373+253=
302+112=,527+288=,414,17448,23582,112+302=,112+302=,112+302=,112+302=,112+302=,112+302=,112+302=,112+302=,112+302=
65+60=,253+373=,125,6549,22385,60+65=,60+65=,60+65=,60+65=,60+65=,60+65=,60+65=,60+65=,60+65=
418+269=,604+326=,687,21897,19306,269+418=,269+418=,269+418=,269+418=,269+418=,269+418=,269+418=,269+418=,269+418=
34+769=,197+24=,803,20899,12425,769+34=,769+34=,769+34=,769+34=,769+34=,769+34=,769+34=,769+34=,769+34=
106+204=,181+372=,310,12226,22663,204+106=,204+106=,204+106=,204+106=,204+106=,204+106=,204+106=,204+106=,204+106=
110+199=,465+154=,309,15500,23388,199+110=,199+110=,199+110=,199+110=,199+110=,199+110=,199+110=,199+110=,199+110=
162+84=,418+269=,246,14205,21897,84+162=,84+162=,84+162=,84+162=,84+162=,84+162=,84+162=,84+162=,84+162=
155+399=,377+288=,554,22303,23467,399+155=,399+155=,399+155=,399+155=,399+155=,399+155=,399+155=,399+155=,399+155=
262+102=,363+208=,364,15951,22005,102+262=,102+262=,102+262=,102+262=,102+262=,102+262=,102+262=,102+262=,102+262=
13+98=,490+271=,111,5037,25110,98+13=,98+13=,98+13=,98+13=,98+13=,98+13=,98+13=,98+13=,98+13=
445+251=,305+570=,696,23578,17419,251+445=,251+445=,251+445=,251+445=,251+445=,251+445=,251+445=,251+445=,251+445=
73+227=,158+526=,300,3101,24313,227+73=,227+73=,227+73=,227+73=,227+73=,227+73=,227+73=,227+73=,227+73=
123+153=,309+45=,276,16660,18384,153+123=,153+123=,153+123=,153+123=,153+123=,153+123=,153+123=,153+123=,153+123=
323+525=,48+52=,848,24951,1041,525+323=,525+323=,525+323=,525+323=,525+323=,525+323=,525+323=,525+323=,525+323=
350+15=,135+195=,365,12676,10568,15+350=,15+350=,15+350=,15+350=,15+350=,15+350=,15+350=,15+350=,15+350=
187+52=,151+520=,239,14815,23403,52+187=,52+187=,52+187=,52+187=,52+187=,52+187=,52+187=,52+187=,52+187=
328+415=,377+288=,743,26260,23467,415+328=,415+328=,415+328=,415+328=,415+328=,415+328=,415+328=,415+328=,415+328=
373+486=,131+48=,859,24061,11128,486+373=,486+373=,486+373=,486+373=,486+373=,486+373=,486+373=,486+373=,486+373=
102+152=,188+419=,254,12375,21996,152+102=,152+102=,152+102=,152+102=,152+102=,152+102=,152+102=,152+102=,152+102=
310+24=,568+84=,334,17153,23181,24+310=,24+310=,24+310=,24+310=,24+310=,24+310=,24+310=,24+310=,24+310=
462+407=,562+176=,869,26497,25527,407+462=,407+462=,407+462=,407+462=,407+462=,407+462=,407+462=,407+462=,407+462=
189+722=,97+13=,911,17000,5120,722+189=,722+189=,722+189=,722+189=,722+189=,722+189=,722+189=,722+189=,722+189=
131+48=,194+694=,179,11128,12251,48+131=,48+131=,48+131=,48+131=,48+131=,48+131=,48+131=,48+131=,48+131=
62+194=,602+168=,256,4146,20772,194+62=,194+62=,194+62=,194+62=,194+62=,194+62=,194+62=,194+62=,194+62=
429+355=,73+227=,784,22148,3101,355+429=,355+429=,355+429=,355+429=,355+429=,355+429=,355+429=,355+429=,355+429=
410+12=,135+195=,422,16460,10568,12+410=,12+410=,12+410=,12+410=,12+410=,12+410=,12+410=,12+410=,12+410=
692+129=,85+586=,821,23282,23403,129+692=,129+692=,129+692=,129+692=,129+692=,129+692=,129+692=,129+692=,129+692=
603+167=,135+195=,770,20772,10568,167+603=,167+603=,167+603=,167+603=,167+603=,167+603=,167+603=,167+603=,167+603=
234+436=,305+570=,670,21218,17419,436+234=,436+234=,436+234=,436+234=,436+234=,436+234=,436+234=,436+234=,436+234=
97+13=,123+153=,110,5120,16660,13+97=,13+97=,13+97=,13+97=,13+97=,13+97=,13+97=,13+97=,13+97=
372+89=,189+722=,461,19608,17000,89+372=,89+372=,89+372=,89+372=,89+372=,89+372=,89+372=,89+372=,89+372=
529+302=,604+326=,831,25009,19306,302+529=,302+529=,302+529=,302+529=,302+529=,302+529=,302+529=,302+529=,302+529=
190+275=,352+593=,465,19988,24599,275+190=,275+190=,275+190=,275+190=,275+190=,275+190=,275+190=,275+190=,275+190=
487+142=,134+299=,629,24239,20153,142+487=,142+487=,142+487=,142+487=,142+487=,142+487=,142+487=,142+487=,142+487=
134+299=,1+250=,433,20153,13860,299+134=,299+134=,299+134=,299+134=,299+134=,299+134=,299+134=,299+134=,299+134=
39+129=,429+355=,168,8953,22148,129+39=,129+39=,129+39=,129+39=,129+39=,129+39=,129+39=,129+39=,129+39=
376+38=,465+154=,414,17448,23388,38+376=,38+376=,38+376=,38+376=,38+376=,38+376=,38+376=,38+376=,38+376=
465+154=,123+153=,619,23388,16660,154+465=,154+465=,154+465=,154+465=,154+465=,154+465=,154+465=,154+465=,154+465=
438+293=,62+194=,731,24626,4146,293+438=,293+438=,293+438=,293+438=,293+438=,293+438=,293+438=,293+438=,293+438=
633+102=,197+24=,735,24939,12425,102+633=,102+633=,102+633=,102+633=,102+633=,102+633=,102+633=,102+633=,102+633=
340+187=,117+335=,527,22369,21098,187+340=,187+340=,187+340=,187+340=,187+340=,187+340=,187+340=,187+340=,187+340=
61+377=,309+45=,438,20596,18384,377+61=,377+61=,377+61=,377+61=,377+61=,377+61=,377+61=,377+61=,377+61=
644+253=,123+153=,897,24777,16660,253+644=,253+644=,253+644=,253+644=,253+644=,253+644=,253+644=,253+644=,253+644=
309+45=,181+372=,354,18384,22663,45+309=,45+309=,45+309=,45+309=,45+309=,45+309=,45+309=,45+309=,45+309=
132+127=,206+285=,259,15537,21824,127+132=,127+132=,127+132=,127+132=,127+132=,127+132=,127+132=,127+132=,127+132=
117+865=,568+84=,982,25873,23181,865+117=,865+117=,865+117=,865+117=,865+117=,865+117=,865+117=,865+117=,865+117=
119+323=,75+731=,442,20502,22397,323+119=,323+119=,323+119=,323+119=,323+119=,323+119=,323+119=,323+119=,323+119=
152+704=,363+208=,856,25505,22005,704+152=,704+152=,704+152=,704+152=,704+152=,704+152=,704+152=,704+152=,704+152=
188+419=,323+525=,607,21996,24951,419+188=,419+188=,419+188=,419+188=,419+188=,419+188=,419+188=,419+188=,419+188=
527+288=,73+227=,815,23582,3101,288+527=,288+527=,288+527=,288+527=,288+527=,288+527=,288+527=,288+527=,288+527=
75+666=,562+176=,741,25021,25527,666+75=,666+75=,666+75=,666+75=,666+75=,666+75=,666+75=,666+75=,666+75=
47+157=,75+666=,204,7854,25021,157+47=,157+47=,157+47=,157+47=,157+47=,157+47=,157+47=,157+47=,157+47=
180+188=,32+600=,368,19057,20775,188+180=,188+180=,188+180=,188+180=,188+180=,188+180=,188+180=,188+180=,188+180=
813+148=,85+44=,961,26114,9748,148+813=,148+813=,148+813=,148+813=,148+813=,148+813=,148+813=,148+813=,148+813=
62+666=,283+499=,728,24054,23833,666+62=,666+62=,666+62=,666+62=,666+62=,666+62=,666+62=,666+62=,666+62=
846+128=,50+118=,974,26007,8953,128+846=,128+846=,128+846=,128+846=,128+846=,128+846=,128+846=,128+846=,128+846=
75+32=,283+499=,107,7699,23833,32+75=,32+75=,32+75=,32+75=,32+75=,32+75=,32+75=,32+75=,32+75=
208+16=,310+24=,224,10697,17153,16+208=,16+208=,16+208=,16+208=,16+208=,16+208=,16+208=,16+208=,16+208=
606+197=,490+271=,803,20899,25110,197+606=,197+606=,197+606=,197+606=,197+606=,197+606=,197+606=,197+606=,197+606=
345+364=,85+44=,709,22874,9748,364+345=,364+345=,364+345=,364+345=,364+345=,364+345=,364+345=,364+345=,364+345=
305+570=,158+526=,875,17419,24313,570+305=,570+305=,570+305=,570+305=,570+305=,570+305=,570+305=,570+305=,570+305=
135+195=,262+102=,330,10568,15951,195+135=,195+135=,195+135=,195+135=,195+135=,195+135=,195+135=,195+135=,195+135=
276+445=,271+160=,721,20873,19852,445+276=,445+276=,445+276=,445+276=,445+276=,445+276=,445+276=,445+276=,445+276=
28+269=,75+32=,297,18163,7699,269+28=,269+28=,269+28=,269+28=,269+28=,269+28=,269+28=,269+28=,269+28=
409+162+197=,328+75+18=,768,17521,18245,409+197+162=,162+409+197=,162+197+409=,197+409+162=,197+162+409=,197+162+409=,197+162+409=,197+162+409=,197+162+409=
291+153+254=,131+202+71=,698,25169,7507,291+254+153=,153+291+254=,153+254+291=,254+291+153=,254+153+291=,254+153+291=,254+153+291=,254+153+291=,254+153+291=
273+53+349=,24+83+216=,675,21129,15726,273+349+53=,53+273+349=,53+349+273=,349+273+53=,349+53+273=,349+53+273=,349+53+273=,349+53+273=,349+53+273=
142+93+67=,24+83+216=,302,13121,15726,142+67+93=,93+142+67=,93+67+142=,67+142+93=,67+93+142=,67+93+142=,67+93+142=,67+93+142=,67+93+142=
654+19+67=,680+103+66=,740,21112,26537,654+67+19=,19+654+67=,19+67+654=,67+654+19=,67+19+654=,67+19+654=,67+19+654=,67+19+654=,67+19+654=
6+86+63=,311+1+524=,155,9992,25192,6+63+86=,86+6+63=,86+63+6=,63+6+86=,63+86+6=,63+86+6=,63+86+6=,63+86+6=,63+86+6=
545+215+112=,108+85+9=,872,25303,2366,545+112+215=,215+545+112=,215+112+545=,112+545+215=,112+215+545=,112+215+545=,112+215+545=,112+215+545=,112+215+545=
598+130+212=,39+407+326=,940,21251,23624,598+212+130=,130+598+212=,130+212+598=,212+598+130=,212+130+598=,212+130+598=,212+130+598=,212+130+598=,212+130+598=
153+414+10=,94+285+277=,577,23411,20744,153+10+414=,414+153+10=,414+10+153=,10+153+414=,10+414+153=,10+414+153=,10+414+153=,10+414+153=,10+414+153=
645+76+92=,221+93+337=,813,24288,23409,645+92+76=,76+645+92=,76+92+645=,92+645+76=,92+76+645=,92+76+645=,92+76+645=,92+76+645=,92+76+645=
101+68+32=,108+85+9=,201,679,2366,101+32+68=,68+101+32=,68+32+101=,32+101+68=,32+68+101=,32+68+101=,32+68+101=,32+68+101=,32+68+101=
180+304+25=,76+105+128=,509,12448,15500,180+25+304=,304+180+25=,304+25+180=,25+180+304=,25+304+180=,25+304+180=,25+304+180=,25+304+180=,25+304+180=
51+40+436=,100+68+103=,527,22369,15828,51+436+40=,40+51+436=,40+436+51=,436+51+40=,436+40+51=,436+40+51=,436+40+51=,436+40+51=,436+40+51=
799+67+131=,220+107+489=,997,22694,23713,799+131+67=,67+799+131=,67+131+799=,131+799+67=,131+67+799=,131+67+799=,131+67+799=,131+67+799=,131+67+799=
46+6+342=,488+23+263=,394,20077,24472,46+342+6=,6+46+342=,6+342+46=,342+46+6=,342+6+46=,342+6+46=,342+6+46=,342+6+46=,342+6+46=
438+66+133=,35+182+20=,637,21788,14590,438+133+66=,66+438+133=,66+133+438=,133+438+66=,133+66+438=,133+66+438=,133+66+438=,133+66+438=,133+66+438=
94+285+277=,108+85+9=,656,20744,2366,94+277+285=,285+94+277=,285+277+94=,277+94+285=,277+285+94=,277+285+94=,277+285+94=,277+285+94=,277+285+94=
59+114+186=,2+115+122=,359,19192,14815,59+186+114=,114+59+186=,114+186+59=,186+59+114=,186+114+59=,186+114+59=,186+114+59=,186+114+59=,186+114+59=
376+401+57=,69+266+111=,834,26223,20385,376+57+401=,401+376+57=,401+57+376=,57+376+401=,57+401+376=,57+401+376=,57+401+376=,57+401+376=,57+401+376=
29+104+498=,99+54+443=,631,21729,24515,29+498+104=,104+29+498=,104+498+29=,498+29+104=,498+104+29=,498+104+29=,498+104+29=,498+104+29=,498+104+29=
315+156+186=,56+258+28=,657,23480,17590,315+186+156=,156+315+186=,156+186+315=,186+315+156=,186+156+315=,186+156+315=,186+156+315=,186+156+315=,186+156+315=
66+23+126=,488+23+263=,215,12112,24472,66+126+23=,23+66+126=,23+126+66=,126+66+23=,126+23+66=,126+23+66=,126+23+66=,126+23+66=,126+23+66=
64+282+19=,15+121+204=,365,12676,13679,64+19+282=,282+64+19=,282+19+64=,19+64+282=,19+282+64=,19+282+64=,19+282+64=,19+282+64=,19+282+64=
2+323+275=,190+17+374=,600,5067,23864,2+275+323=,323+2+275=,323+275+2=,275+2+323=,275+323+2=,275+323+2=,275+323+2=,275+323+2=,275+323+2=
131+202+71=,658+160+170=,404,7507,24538,131+71+202=,202+131+71=,202+71+131=,71+131+202=,71+202+131=,71+202+131=,71+202+131=,71+202+131=,71+202+131=
2+1+143=,83+61+160=,146,10465,12166,2+143+1=,1+2+143=,1+143+2=,143+2+1=,143+1+2=,143+1+2=,143+1+2=,143+1+2=,143+1+2=
311+1+524=,190+17+374=,836,25192,23864,311+524+1=,1+311+524=,1+524+311=,524+311+1=,524+1+311=,524+1+311=,524+1+311=,524+1+311=,524+1+311=
39+407+326=,3+174+65=,772,23624,12754,39+326+407=,407+39+326=,407+326+39=,326+39+407=,326+407+39=,326+407+39=,326+407+39=,326+407+39=,326+407+39=
170+21+83=,299+203+490=,274,16590,22992,170+83+21=,21+170+83=,21+83+170=,83+170+21=,83+21+170=,83+21+170=,83+21+170=,83+21+170=,83+21+170=
364+299+52=,94+285+277=,715,22744,20744,364+52+299=,299+364+52=,299+52+364=,52+364+299=,52+299+364=,52+299+364=,52+299+364=,52+299+364=,52+299+364=
35+182+20=,113+395+49=,237,14590,23906,35+20+182=,182+35+20=,182+20+35=,20+35+182=,20+182+35=,20+182+35=,20+182+35=,20+182+35=,20+182+35=
157+52+47=,2+323+275=,256,4146,5067,157+47+52=,52+157+47=,52+47+157=,47+157+52=,47+52+157=,47+52+157=,47+52+157=,47+52+157=,47+52+157=
15+121+204=,104+44+783=,340,13679,25717,15+204+121=,121+15+204=,121+204+15=,204+15+121=,204+121+15=,204+121+15=,204+121+15=,204+121+15=,204+121+15=
488+23+263=,72+104+45=,774,24472,12425,488+263+23=,23+488+263=,23+263+488=,263+488+23=,263+23+488=,263+23+488=,263+23+488=,263+23+488=,263+23+488=
190+17+374=,101+68+32=,581,23864,679,190+374+17=,17+190+374=,17+374+190=,374+190+17=,374+17+190=,374+17+190=,374+17+190=,374+17+190=,374+17+190=
56+258+28=,64+282+19=,342,17590,12676,56+28+258=,258+56+28=,258+28+56=,28+56+258=,28+258+56=,28+258+56=,28+258+56=,28+258+56=,28+258+56=
151+137+236=,89+318+51=,524,21177,21209,151+236+137=,137+151+236=,137+236+151=,236+151+137=,236+137+151=,236+137+151=,236+137+151=,236+137+151=,236+137+151=
72+104+45=,245+33+664=,221,12425,20249,72+45+104=,104+72+45=,104+45+72=,45+72+104=,45+104+72=,45+104+72=,45+104+72=,45+104+72=,45+104+72=
245+33+664=,148+176+50=,942,20249,18265,245+664+33=,33+245+664=,33+664+245=,664+245+33=,664+33+245=,664+33+245=,664+33+245=,664+33+245=,664+33+245=
108+28+22=,310+36+594=,158,11286,21251,108+22+28=,28+108+22=,28+22+108=,22+108+28=,22+28+108=,22+28+108=,22+28+108=,22+28+108=,22+28+108=
137+248+282=,62+1+236=,667,19774,15531,137+282+248=,248+137+282=,248+282+137=,282+137+248=,282+248+137=,282+248+137=,282+248+137=,282+248+137=,282+248+137=
643+79+43=,101+68+32=,765,22240,679,643+43+79=,79+643+43=,79+43+643=,43+643+79=,43+79+643=,43+79+643=,43+79+643=,43+79+643=,43+79+643=
24+83+216=,331+32+383=,323,15726,25594,24+216+83=,83+24+216=,83+216+24=,216+24+83=,216+83+24=,216+83+24=,216+83+24=,216+83+24=,216+83+24=
126+204+297=,151+137+236=,627,23103,21177,126+297+204=,204+126+297=,204+297+126=,297+126+204=,297+204+126=,297+204+126=,297+204+126=,297+204+126=,297+204+126=
299+203+490=,180+304+25=,992,22992,12448,299+490+203=,203+299+490=,203+490+299=,490+299+203=,490+203+299=,490+203+299=,490+203+299=,490+203+299=,490+203+299=
4+23+473=,438+66+133=,500,2636,21788,4+473+23=,23+4+473=,23+473+4=,473+4+23=,473+23+4=,473+23+4=,473+23+4=,473+23+4=,473+23+4=
12+58+336=,225+87+421=,406,17264,24865,12+336+58=,58+12+336=,58+336+12=,336+12+58=,336+58+12=,336+58+12=,336+58+12=,336+58+12=,336+58+12=
76+105+128=,83+61+160=,309,15500,12166,76+128+105=,105+76+128=,105+128+76=,128+76+105=,128+105+76=,128+105+76=,128+105+76=,128+105+76=,128+105+76=
148+176+50=,142+93+67=,374,18265,13121,148+50+176=,176+148+50=,176+50+148=,50+148+176=,50+176+148=,50+176+148=,50+176+148=,50+176+148=,50+176+148=
10+7+98=,73+505+50=,115,7322,23574,10+98+7=,7+10+98=,7+98+10=,98+10+7=,98+7+10=,98+7+10=,98+7+10=,98+7+10=,98+7+10=
3+174+65=,331+32+383=,242,12754,25594,3+65+174=,174+3+65=,174+65+3=,65+3+174=,65+174+3=,65+174+3=,65+174+3=,65+174+3=,65+174+3=
40+15+187=,438+66+133=,242,12754,21788,40+187+15=,15+40+187=,15+187+40=,187+40+15=,187+15+40=,187+15+40=,187+15+40=,187+15+40=,187+15+40=
99+54+443=,24+83+216=,596,24515,15726,99+443+54=,54+99+443=,54+443+99=,443+99+54=,443+54+99=,443+54+99=,443+54+99=,443+54+99=,443+54+99=
53+156+452=,117+526+314=,661,24132,27341,53+452+156=,156+53+452=,156+452+53=,452+53+156=,452+156+53=,452+156+53=,452+156+53=,452+156+53=,452+156+53=
569+106+195=,658+160+170=,870,22440,24538,569+195+106=,106+569+195=,106+195+569=,195+569+106=,195+106+569=,195+106+569=,195+106+569=,195+106+569=,195+106+569=
33+25+199=,89+318+51=,257,15574,21209,33+199+25=,25+33+199=,25+199+33=,199+33+25=,199+25+33=,199+25+33=,199+25+33=,199+25+33=,199+25+33=
209+120+565=,680+103+66=,894,26227,26537,209+565+120=,120+209+565=,120+565+209=,565+209+120=,565+120+209=,565+120+209=,565+120+209=,565+120+209=,565+120+209=
129+246+375=,328+75+18=,750,11711,18245,129+375+246=,246+129+375=,246+375+129=,375+129+246=,375+246+129=,375+246+129=,375+246+129=,375+246+129=,375+246+129=
296+72+53=,209+120+565=,421,18245,26227,296+53+72=,72+296+53=,72+53+296=,53+296+72=,53+72+296=,53+72+296=,53+72+296=,53+72+296=,53+72+296=
253+256+15=,82+146+109=,524,21177,17609,253+15+256=,256+253+15=,256+15+253=,15+253+256=,15+256+253=,15+256+253=,15+256+253=,15+256+253=,15+256+253=
100+68+103=,273+53+349=,271,15828,21129,100+103+68=,68+100+103=,68+103+100=,103+100+68=,103+68+100=,103+68+100=,103+68+100=,103+68+100=,103+68+100=
225+87+421=,53+156+452=,733,24865,24132,225+421+87=,87+225+421=,87+421+225=,421+225+87=,421+87+225=,421+87+225=,421+87+225=,421+87+225=,421+87+225=
221+93+337=,40+15+187=,651,23409,12754,221+337+93=,93+221+337=,93+337+221=,337+221+93=,337+93+221=,337+93+221=,337+93+221=,337+93+221=,337+93+221=
328+75+18=,153+414+10=,421,18245,23411,328+18+75=,75+328+18=,75+18+328=,18+328+75=,18+75+328=,18+75+328=,18+75+328=,18+75+328=,18+75+328=
189+51+20=,328+75+18=,260,11387,18245,189+20+51=,51+189+20=,51+20+189=,20+189+51=,20+51+189=,20+51+189=,20+51+189=,20+51+189=,20+51+189=
35+146+364=,51+40+436=,545,20749,22369,35+364+146=,146+35+364=,146+364+35=,364+35+146=,364+146+35=,364+146+35=,364+146+35=,364+146+35=,364+146+35=
122+16+645=,51+40+436=,783,26008,22369,122+645+16=,16+122+645=,16+645+122=,645+122+16=,645+16+122=,645+16+122=,645+16+122=,645+16+122=,645+16+122=
49+148+554=,569+106+195=,751,23986,22440,49+554+148=,148+49+554=,148+554+49=,554+49+148=,554+148+49=,554+148+49=,554+148+49=,554+148+49=,554+148+49=
310+36+594=,142+93+67=,940,21251,13121,310+594+36=,36+310+594=,36+594+310=,594+310+36=,594+36+310=,594+36+310=,594+36+310=,594+36+310=,594+36+310=
142+437+190=,89+318+51=,769,24619,21209,142+190+437=,437+142+190=,437+190+142=,190+142+437=,190+437+142=,190+437+142=,190+437+142=,190+437+142=,190+437+142=
210+341+267=,35+182+20=,818,23141,14590,210+267+341=,341+210+267=,341+267+210=,267+210+341=,267+341+210=,267+341+210=,267+341+210=,267+341+210=,267+341+210=
424+95+68=,157+52+47=,587,22159,4146,424+68+95=,95+424+68=,95+68+424=,68+424+95=,68+95+424=,68+95+424=,68+95+424=,68+95+424=,68+95+424=
120+286+171=,131+202+71=,577,23411,7507,120+171+286=,286+120+171=,286+171+120=,171+120+286=,171+286+120=,171+286+120=,171+286+120=,171+286+120=,171+286+120=
330+515+53=,315+156+186=,898,24809,23480,330+53+515=,515+330+53=,515+53+330=,53+330+515=,53+515+330=,53+515+330=,53+515+330=,53+515+330=,53+515+330=
123+9+429=,488+23+263=,561,20460,24472,123+429+9=,9+123+429=,9+429+123=,429+123+9=,429+9+123=,429+9+123=,429+9+123=,429+9+123=,429+9+123=
89+318+51=,51+87+275=,458,21209,19288,89+51+318=,318+89+51=,318+51+89=,51+89+318=,51+318+89=,51+318+89=,51+318+89=,51+318+89=,51+318+89=
117+526+314=,33+110+381=,957,27341,21177,117+314+526=,526+117+314=,526+314+117=,314+117+526=,314+526+117=,314+526+117=,314+526+117=,314+526+117=,314+526+117=
347+251+164=,46+6+342=,762,24376,20077,347+164+251=,251+347+164=,251+164+347=,164+347+251=,164+251+347=,164+251+347=,164+251+347=,164+251+347=,164+251+347=
5+147+54=,4+23+473=,206,11056,2636,5+54+147=,147+5+54=,147+54+5=,54+5+147=,54+147+5=,54+147+5=,54+147+5=,54+147+5=,54+147+5=
10+258+491=,29+104+498=,759,26439,21729,10+491+258=,258+10+491=,258+491+10=,491+10+258=,491+258+10=,491+258+10=,491+258+10=,491+258+10=,491+258+10=
80+96+5=,29+104+498=,181,10562,21729,80+5+96=,96+80+5=,96+5+80=,5+80+96=,5+96+80=,5+96+80=,5+96+80=,5+96+80=,5+96+80=
680+103+66=,76+105+128=,849,26537,15500,680+66+103=,103+680+66=,103+66+680=,66+680+103=,66+103+680=,66+103+680=,66+103+680=,66+103+680=,66+103+680=
298+27+615=,364+299+52=,940,21251,22744,298+615+27=,27+298+615=,27+615+298=,615+298+27=,615+27+298=,615+27+298=,615+27+298=,615+27+298=,615+27+298=
2+115+122=,296+72+53=,239,14815,18245,2+122+115=,115+2+122=,115+122+2=,122+2+115=,122+115+2=,122+115+2=,122+115+2=,122+115+2=,122+115+2=
73+505+50=,55+22+63=,628,23574,6860,73+50+505=,505+73+50=,505+50+73=,50+73+505=,50+505+73=,50+505+73=,50+505+73=,50+505+73=,50+505+73=
22+285+9=,33+110+381=,316,15340,21177,22+9+285=,285+22+9=,285+9+22=,9+22+285=,9+285+22=,9+285+22=,9+285+22=,9+285+22=,9+285+22=
69+266+111=,189+51+20=,446,20385,11387,69+111+266=,266+69+111=,266+111+69=,111+69+266=,111+266+69=,111+266+69=,111+266+69=,111+266+69=,111+266+69=
363+168+113=,142+437+190=,644,21975,24619,363+113+168=,168+363+113=,168+113+363=,113+363+168=,113+168+363=,113+168+363=,113+168+363=,113+168+363=,113+168+363=
646+22+108=,51+87+275=,776,23823,19288,646+108+22=,22+646+108=,22+108+646=,108+646+22=,108+22+646=,108+22+646=,108+22+646=,108+22+646=,108+22+646=
130+152+159=,658+160+170=,441,18495,24538,130+159+152=,152+130+159=,152+159+130=,159+130+152=,159+152+130=,159+152+130=,159+152+130=,159+152+130=,159+152+130=
62+1+236=,645+76+92=,299,15531,24288,62+236+1=,1+62+236=,1+236+62=,236+62+1=,236+1+62=,236+1+62=,236+1+62=,236+1+62=,236+1+62=
53+138+382=,123+9+429=,573,22529,20460,53+382+138=,138+53+382=,138+382+53=,382+53+138=,382+138+53=,382+138+53=,382+138+53=,382+138+53=,382+138+53=
318+216+324=,142+437+190=,858,23805,24619,318+324+216=,216+318+324=,216+324+318=,324+318+216=,324+216+318=,324+216+318=,324+216+318=,324+216+318=,324+216+318=
658+160+170=,330+515+53=,988,24538,24809,658+170+160=,160+658+170=,160+170+658=,170+658+160=,170+160+658=,170+160+658=,170+160+658=,170+160+658=,170+160+658=
104+44+783=,40+15+187=,931,25717,12754,104+783+44=,44+104+783=,44+783+104=,783+104+44=,783+44+104=,783+44+104=,783+44+104=,783+44+104=,783+44+104=
220+107+489=,76+105+128=,816,23713,15500,220+489+107=,107+220+489=,107+489+220=,489+220+107=,489+107+220=,489+107+220=,489+107+220=,489+107+220=,489+107+220=
222+41+24=,654+19+67=,287,17897,21112,222+24+41=,41+222+24=,41+24+222=,24+222+41=,24+41+222=,24+41+222=,24+41+222=,24+41+222=,24+41+222=
186+221+543=,225+1+122=,950,15862,19746,186+543+221=,221+186+543=,221+543+186=,543+186+221=,543+221+186=,543+221+186=,543+221+186=,543+221+186=,543+221+186=
124+166+306=,273+53+349=,596,24515,21129,124+306+166=,166+124+306=,166+306+124=,306+124+166=,306+166+124=,306+166+124=,306+166+124=,306+166+124=,306+166+124=
775+39+68=,10+102+48=,882,23213,6330,775+68+39=,39+775+68=,39+68+775=,68+775+39=,68+39+775=,68+39+775=,68+39+775=,68+39+775=,68+39+775=
86+13+193=,331+32+383=,292,16443,25594,86+193+13=,13+86+193=,13+193+86=,193+86+13=,193+13+86=,193+13+86=,193+13+86=,193+13+86=,193+13+86=
654+7+40=,51+87+275=,701,19597,19288,654+40+7=,7+654+40=,7+40+654=,40+654+7=,40+7+654=,40+7+654=,40+7+654=,40+7+654=,40+7+654=
10+102+48=,157+52+47=,160,6330,4146,10+48+102=,102+10+48=,102+48+10=,48+10+102=,48+102+10=,48+102+10=,48+102+10=,48+102+10=,48+102+10=
133+520+177=,73+505+50=,830,21221,23574,133+177+520=,520+133+177=,520+177+133=,177+133+520=,177+520+133=,177+520+133=,177+520+133=,177+520+133=,177+520+133=
60+14+345=,33+110+381=,419,19391,21177,60+345+14=,14+60+345=,14+345+60=,345+60+14=,345+14+60=,345+14+60=,345+14+60=,345+14+60=,345+14+60=
108+85+9=,654+19+67=,202,2366,21112,108+9+85=,85+108+9=,85+9+108=,9+108+85=,9+85+108=,9+85+108=,9+85+108=,9+85+108=,9+85+108=
442+46+119=,2+1+143=,607,21996,10465,442+119+46=,46+442+119=,46+119+442=,119+442+46=,119+46+442=,119+46+442=,119+46+442=,119+46+442=,119+46+442=
129+189+295=,122+16+645=,613,22922,26008,129+295+189=,189+129+295=,189+295+129=,295+129+189=,295+189+129=,295+189+129=,295+189+129=,295+189+129=,295+189+129=
82+109+210=,376+401+57=,401,10841,26223,82+210+109=,109+82+210=,109+210+82=,210+82+109=,210+109+82=,210+109+82=,210+109+82=,210+109+82=,210+109+82=
30+317+27=,56+258+28=,374,18265,17590,30+27+317=,317+30+27=,317+27+30=,27+30+317=,27+317+30=,27+317+30=,27+317+30=,27+317+30=,27+317+30=
541+48+122=,10+7+98=,711,22375,7322,541+122+48=,48+541+122=,48+122+541=,122+541+48=,122+48+541=,122+48+541=,122+48+541=,122+48+541=,122+48+541=
79+13+101=,654+19+67=,193,7285,21112,79+101+13=,13+79+101=,13+101+79=,101+79+13=,101+13+79=,101+13+79=,101+13+79=,101+13+79=,101+13+79=
225+1+122=,82+146+109=,348,19746,17609,225+122+1=,1+225+122=,1+122+225=,122+225+1=,122+1+225=,122+1+225=,122+1+225=,122+1+225=,122+1+225=
288+64+41=,49+148+554=,393,18252,23986,288+41+64=,64+288+41=,64+41+288=,41+288+64=,41+64+288=,41+64+288=,41+64+288=,41+64+288=,41+64+288=
82+146+109=,131+202+71=,337,17609,7507,82+109+146=,146+82+109=,146+109+82=,109+82+146=,109+146+82=,109+146+82=,109+146+82=,109+146+82=,109+146+82=
253+434+228=,210+341+267=,915,22387,23141,253+228+434=,434+253+228=,434+228+253=,228+253+434=,228+434+253=,228+434+253=,228+434+253=,228+434+253=,228+434+253=
83+61+160=,69+266+111=,304,12166,20385,83+160+61=,61+83+160=,61+160+83=,160+83+61=,160+61+83=,160+61+83=,160+61+83=,160+61+83=,160+61+83=
66+4+70=,189+51+20=,140,6860,11387,66+70+4=,4+66+70=,4+70+66=,70+66+4=,70+4+66=,70+4+66=,70+4+66=,70+4+66=,70+4+66=
55+22+63=,12+58+336=,140,6860,17264,55+63+22=,22+55+63=,22+63+55=,63+55+22=,63+22+55=,63+22+55=,63+22+55=,63+22+55=,63+22+55=
33+110+381=,35+182+20=,524,21177,14590,33+381+110=,110+33+381=,110+381+33=,381+33+110=,381+110+33=,381+110+33=,381+110+33=,381+110+33=,381+110+33=
51+87+275=,142+93+67=,413,19288,13121,51+275+87=,87+51+275=,87+275+51=,275+51+87=,275+87+51=,275+87+51=,275+87+51=,275+87+51=,275+87+51=
310+567+56=,39+407+326=,933,25806,23624,310+56+567=,567+310+56=,567+56+310=,56+310+567=,56+567+310=,56+567+310=,56+567+310=,56+567+310=,56+567+310=
331+32+383=,100+68+103=,746,25594,15828,331+383+32=,32+331+383=,32+383+331=,383+331+32=,383+32+331=,383+32+331=,383+32+331=,383+32+331=,383+32+331=
113+395+49=,120+286+171=,557,23906,23411,113+49+395=,395+113+49=,395+49+113=,49+113+395=,49+395+113=,49+395+113=,49+395+113=,49+395+113=,49+395+113=
162+382+84=,2+115+122=,628,23574,14815,162+84+382=,382+162+84=,382+84+162=,84+162+382=,84+382+162=,84+382+162=,84+382+162=,84+382+162=,84+382+162=
92+283+60+159=,136+214+443+14=,594,23428,23178,283+159+92+60=,60+92+159+283=,60+159+92+283=,60+283+92+159=,92+283+159+60=,283+92+60+159=,283+60+92+159=,60+92+283+159=,283+60+159+92=
86+23+65+54=,42+508+124+122=,228,14261,24832,54+65+86+23=,23+54+86+65=,23+65+54+86=,65+86+23+54=,65+23+86+54=,54+86+65+23=,86+65+23+54=,23+54+65+86=,86+54+65+23=
117+464+23+27=,581+154+16+58=,631,21729,21474,464+23+117+27=,464+117+27+23=,27+117+23+464=,27+117+464+23=,464+117+23+27=,27+464+23+117=,117+23+27+464=,117+464+27+23=,23+117+464+27=
299+122+152+218=,112+13+42+17=,791,26234,10336,122+299+152+218=,218+122+299+152=,218+152+299+122=,218+299+152+122=,152+218+122+299=,152+122+218+299=,122+152+299+218=,299+152+218+122=,299+218+152+122=
190+179+1+322=,6+143+6+115=,692,25073,10914,1+179+190+322=,190+322+1+179=,179+1+322+190=,322+179+190+1=,190+1+322+179=,322+1+179+190=,1+179+322+190=,1+322+179+190=,322+190+1+179=
230+236+356+146=,334+294+169+24=,968,23386,23282,230+146+356+236=,146+236+356+230=,230+356+146+236=,236+146+356+230=,146+356+236+230=,356+146+236+230=,230+236+146+356=,356+146+230+236=,146+356+230+236=
5+259+83+110=,191+17+101+10=,457,21675,16874,110+5+83+259=,259+110+83+5=,110+83+5+259=,110+259+5+83=,259+110+5+83=,259+5+110+83=,83+5+259+110=,110+5+259+83=,83+259+5+110=
50+163+251+40=,251+249+34+59=,504,18048,22608,251+50+163+40=,40+50+251+163=,251+163+40+50=,251+50+40+163=,163+251+50+40=,40+50+163+251=,163+50+251+40=,50+163+40+251=,40+251+163+50=
49+99+254+296=,35+29+40+134=,698,25169,13895,99+254+296+49=,49+254+296+99=,254+49+99+296=,296+254+99+49=,254+49+296+99=,49+296+254+99=,49+254+99+296=,296+254+49+99=,49+99+296+254=
334+294+169+24=,3+76+161+358=,821,23282,21856,294+334+169+24=,334+294+24+169=,169+294+334+24=,169+334+24+294=,334+169+24+294=,294+24+169+334=,24+334+169+294=,169+294+24+334=,334+24+294+169=
386+282+283+12=,16+65+2+135=,963,26087,13302,12+282+283+386=,12+386+282+283=,12+283+386+282=,282+283+12+386=,282+283+386+12=,386+283+12+282=,386+12+283+282=,386+283+282+12=,386+282+12+283=
451+55+20+20=,4+64+330+129=,546,22048,22369,451+20+20+55=,20+20+451+55=,20+55+451+20=,451+20+20+55=,20+20+55+451=,55+20+20+451=,55+451+20+20=,20+451+20+55=,55+20+451+20=
23+106+152+33=,505+152+15+70=,314,16104,25560,106+23+33+152=,33+152+106+23=,23+33+152+106=,152+106+33+23=,33+106+23+152=,23+152+106+33=,152+106+23+33=,106+33+23+152=,33+152+23+106=
5+22+241+74=,75+16+39+301=,342,17590,19852,22+74+241+5=,74+241+22+5=,22+5+241+74=,5+74+22+241=,74+5+241+22=,22+74+5+241=,241+22+5+74=,241+5+22+74=,5+74+241+22=
41+72+123+335=,29+122+166+193=,571,22005,15633,335+123+72+41=,123+72+335+41=,72+41+335+123=,335+41+72+123=,123+41+335+72=,123+72+41+335=,335+72+41+123=,123+335+41+72=,41+123+335+72=
67+18+53+32=,176+22+279+245=,170,8258,23024,67+32+53+18=,18+53+67+32=,53+18+32+67=,53+32+18+67=,32+18+53+67=,67+32+18+53=,18+67+32+53=,53+67+32+18=,32+18+67+53=
45+315+126+94=,42+149+272+50=,580,18216,21164,126+315+45+94=,45+126+315+94=,315+45+94+126=,126+94+45+315=,126+45+94+315=,94+45+126+315=,45+126+94+315=,126+315+94+45=,315+45+126+94=
480+212+45+187=,55+54+92+89=,924,23890,13754,480+45+187+212=,187+45+212+480=,480+45+212+187=,45+480+212+187=,45+212+187+480=,212+480+187+45=,212+45+187+480=,45+212+480+187=,187+480+212+45=
35+29+40+134=,67+87+150+147=,238,13895,20360,40+134+29+35=,40+35+29+134=,29+40+35+134=,134+35+40+29=,134+40+29+35=,134+40+35+29=,134+35+29+40=,40+29+35+134=,29+35+40+134=
99+34+341+38=,14+8+50+31=,512,8358,6889,341+38+99+34=,34+99+341+38=,38+341+99+34=,34+341+99+38=,38+341+34+99=,38+99+341+34=,38+99+34+341=,34+99+38+341=,34+38+341+99=
94+313+59+55=,26+37+45+2=,521,20767,5120,59+55+94+313=,94+59+55+313=,59+94+313+55=,313+94+59+55=,94+59+313+55=,55+313+94+59=,313+59+94+55=,313+55+59+94=,94+55+59+313=
197+186+163+308=,1+195+19+53=,854,25515,16332,163+197+186+308=,197+308+186+163=,308+163+186+197=,163+186+308+197=,163+186+197+308=,197+163+186+308=,163+197+308+186=,163+308+186+197=,186+308+163+197=
272+158+76+187=,12+52+1+121=,693,25298,9714,187+158+272+76=,272+187+158+76=,76+158+272+187=,272+76+158+187=,76+272+187+158=,76+158+187+272=,158+76+272+187=,272+76+187+158=,272+187+76+158=
243+293+31+124=,41+199+26+306=,691,25168,22468,293+31+124+243=,124+31+293+243=,243+31+293+124=,293+243+31+124=,31+243+293+124=,243+124+293+31=,243+124+31+293=,124+293+31+243=,124+243+31+293=
248+23+120+227=,251+249+34+59=,618,21985,22608,227+23+120+248=,120+23+227+248=,248+23+227+120=,227+120+23+248=,227+120+248+23=,23+248+120+227=,248+227+120+23=,23+120+248+227=,120+248+23+227=
102+115+25+266=,165+51+219+207=,508,19869,22266,102+115+266+25=,115+266+25+102=,266+25+115+102=,25+266+102+115=,115+266+102+25=,25+102+115+266=,25+115+102+266=,102+266+115+25=,102+25+115+266=
42+508+124+122=,174+64+17+91=,796,24832,18061,42+122+508+124=,124+42+122+508=,508+122+42+124=,42+124+508+122=,508+122+124+42=,124+122+42+508=,124+42+508+122=,508+124+122+42=,508+42+122+124=
42+149+272+50=,33+271+86+76=,513,21164,21404,149+50+42+272=,149+272+50+42=,272+50+42+149=,272+50+149+42=,50+42+272+149=,272+42+50+149=,42+149+50+272=,50+272+149+42=,50+42+149+272=
1+195+19+53=,26+84+111+65=,268,16332,17361,19+195+1+53=,1+19+195+53=,19+53+1+195=,53+1+195+19=,195+19+1+53=,195+1+53+19=,19+1+53+195=,1+195+53+19=,1+53+195+19=
18+261+1+6=,42+149+272+50=,286,17361,21164,261+6+1+18=,261+18+6+1=,1+18+6+261=,6+261+18+1=,261+18+1+6=,6+1+18+261=,6+18+261+1=,6+261+1+18=,18+261+6+1=
16+65+2+135=,56+214+48+41=,218,13302,19192,16+135+65+2=,65+2+135+16=,65+16+135+2=,65+135+2+16=,135+16+2+65=,16+2+135+65=,16+65+135+2=,135+65+16+2=,65+16+2+135=
46+33+52+16=,33+207+555+23=,147,10288,23141,16+46+52+33=,52+46+33+16=,46+52+16+33=,46+33+16+52=,16+46+33+52=,33+52+16+46=,46+16+52+33=,52+46+16+33=,52+16+46+33=
156+16+104+29=,33+207+555+23=,305,13364,23141,104+16+29+156=,104+156+16+29=,104+29+156+16=,16+156+29+104=,29+16+104+156=,156+104+29+16=,156+29+104+16=,29+104+16+156=,104+29+16+156=
284+9+244+45=,37+444+85+138=,582,23670,21949,45+9+284+244=,9+244+284+45=,45+9+244+284=,244+9+284+45=,9+45+284+244=,9+284+45+244=,9+284+244+45=,284+9+45+244=,9+45+244+284=
108+190+277+348=,120+29+28+12=,923,22614,9378,190+277+348+108=,108+348+277+190=,348+108+277+190=,190+108+348+277=,348+108+190+277=,277+190+108+348=,108+277+190+348=,190+348+108+277=,348+190+277+108=
311+12+23+139=,165+51+219+207=,485,19773,22266,23+12+139+311=,311+23+139+12=,23+139+311+12=,23+139+12+311=,23+12+311+139=,311+139+23+12=,12+311+139+23=,12+139+311+23=,23+311+12+139=
67+87+150+147=,60+74+116+49=,451,20360,15531,150+147+87+67=,150+67+147+87=,67+147+150+87=,147+87+150+67=,67+150+147+87=,150+87+67+147=,147+150+87+67=,147+150+67+87=,147+67+150+87=
185+131+130+96=,426+140+395+13=,542,21791,26007,185+96+130+131=,96+131+130+185=,96+185+130+131=,185+96+131+130=,96+131+185+130=,131+96+185+130=,185+130+96+131=,130+96+185+131=,96+185+131+130=
174+64+17+91=,29+122+166+193=,346,18061,15633,174+91+64+17=,91+174+17+64=,64+17+174+91=,174+17+91+64=,17+174+64+91=,174+17+64+91=,64+174+17+91=,174+64+91+17=,91+17+174+64=
74+4+286+372=,33+207+555+23=,736,23969,23141,74+372+4+286=,372+286+74+4=,372+4+74+286=,4+74+286+372=,286+372+74+4=,74+372+286+4=,74+286+4+372=,4+286+74+372=,74+286+372+4=
135+37+186+228=,129+1+397+61=,586,22345,20691,228+135+186+37=,37+228+186+135=,135+37+228+186=,37+228+135+186=,228+37+135+186=,135+228+37+186=,186+37+228+135=,37+186+228+135=,228+186+135+37=
33+271+86+76=,67+12+149+199=,466,21404,20465,86+76+271+33=,86+271+76+33=,86+271+33+76=,271+33+76+86=,76+271+33+86=,76+33+271+86=,86+33+271+76=,76+86+33+271=,271+33+86+76=
216+95+21+3=,26+19+94+17=,335,16596,10132,21+216+3+95=,3+216+95+21=,21+95+3+216=,3+95+216+21=,21+3+95+216=,95+21+3+216=,216+21+95+3=,95+3+216+21=,95+216+21+3=
37+36+215+25=,581+154+16+58=,313,15231,21474,25+37+36+215=,36+37+25+215=,215+36+25+37=,215+37+36+25=,36+215+37+25=,215+25+37+36=,215+37+25+36=,36+25+215+37=,37+215+36+25=
52+66+6+499=,26+19+94+17=,623,22801,10132,499+66+6+52=,52+6+66+499=,6+499+52+66=,6+52+499+66=,66+6+52+499=,499+6+66+52=,66+52+499+6=,6+499+66+52=,52+66+499+6=
10+114+202+385=,46+33+52+16=,711,22375,10288,385+202+10+114=,10+114+385+202=,385+114+10+202=,202+114+385+10=,202+114+10+385=,10+385+114+202=,114+202+10+385=,385+114+202+10=,385+202+114+10=
14+8+50+31=,265+120+305+196=,103,6889,25399,31+8+50+14=,31+50+14+8=,50+14+31+8=,14+31+50+8=,8+50+14+31=,50+8+31+14=,14+8+31+50=,50+31+8+14=,50+14+8+31=
216+173+64+245=,23+53+11+42=,698,25169,9748,64+216+245+173=,245+173+64+216=,216+64+173+245=,173+245+64+216=,245+216+64+173=,64+173+216+245=,173+216+64+245=,216+64+245+173=,245+216+173+64=
26+84+111+65=,3+76+161+358=,286,17361,21856,111+65+26+84=,65+84+26+111=,111+65+84+26=,111+84+26+65=,26+111+84+65=,65+26+111+84=,65+111+26+84=,111+84+65+26=,65+26+84+111=
251+249+34+59=,64+86+86+163=,593,22608,18572,249+59+34+251=,251+59+34+249=,249+34+251+59=,34+59+249+251=,59+34+251+249=,59+251+34+249=,249+251+59+34=,251+34+249+59=,251+249+59+34=
25+322+12+566=,174+64+17+91=,925,21910,18061,12+25+566+322=,322+566+25+12=,25+12+322+566=,25+566+322+12=,566+12+322+25=,322+12+566+25=,12+25+322+566=,12+566+25+322=,12+566+322+25=
3+183+3+127=,50+163+251+40=,316,15340,18048,3+127+183+3=,127+3+3+183=,3+3+183+127=,3+127+3+183=,183+3+3+127=,183+127+3+3=,183+3+3+127=,127+183+3+3=,127+3+3+183=
7+47+169+96=,41+53+22+74=,319,16874,7028,47+169+7+96=,169+7+47+96=,47+7+96+169=,7+96+47+169=,169+47+96+7=,169+96+47+7=,169+7+96+47=,47+7+169+96=,96+47+169+7=
133+213+475+115=,117+103+86+15=,936,25612,14423,115+475+213+133=,115+475+133+213=,133+213+115+475=,133+115+475+213=,475+213+115+133=,115+213+475+133=,213+475+133+115=,213+115+475+133=,115+133+213+475=
323+53+185+158=,284+9+244+45=,719,24758,23670,185+53+323+158=,53+323+185+158=,323+158+53+185=,185+158+323+53=,158+185+323+53=,323+185+53+158=,53+158+323+185=,323+185+158+53=,158+185+53+323=
126+157+99+167=,190+329+116+38=,549,22782,24938,126+167+99+157=,167+157+126+99=,167+126+157+99=,157+99+167+126=,157+99+126+167=,167+126+99+157=,157+126+167+99=,126+157+167+99=,99+157+167+126=
77+127+101+57=,386+282+283+12=,362,18509,26087,101+57+127+77=,77+101+57+127=,57+127+101+77=,101+127+77+57=,77+57+101+127=,101+127+57+77=,101+77+57+127=,77+101+127+57=,57+77+127+101=
115+101+49+111=,426+140+395+13=,376,18322,26007,49+111+115+101=,115+111+101+49=,111+101+49+115=,49+111+101+115=,111+115+49+101=,101+49+111+115=,111+101+115+49=,49+101+115+111=,101+111+115+49=
26+19+94+17=,112+13+42+17=,156,10132,10336,94+17+19+26=,17+19+26+94=,94+26+17+19=,19+17+94+26=,17+94+26+19=,17+26+19+94=,26+94+19+17=,94+19+26+17=,17+19+94+26=
411+46+223+141=,311+12+23+139=,821,23282,19773,411+141+223+46=,141+223+411+46=,411+223+46+141=,223+46+141+411=,46+141+411+223=,141+411+223+46=,141+46+411+223=,223+141+411+46=,411+223+141+46=
136+214+443+14=,60+74+116+49=,807,23178,15531,14+214+136+443=,214+136+14+443=,14+214+443+136=,14+136+214+443=,214+14+443+136=,443+14+214+136=,136+443+14+214=,443+214+14+136=,443+14+136+214=
172+268+150+128=,86+23+65+54=,718,21982,14261,128+268+150+172=,268+150+128+172=,172+128+268+150=,172+128+150+268=,268+128+150+172=,128+150+172+268=,172+268+128+150=,150+268+128+172=,150+128+172+268=
18+392+98+144=,176+22+279+245=,652,23181,23024,18+98+392+144=,98+18+392+144=,392+18+144+98=,144+98+392+18=,392+98+18+144=,98+392+18+144=,98+392+144+18=,98+144+392+18=,392+144+18+98=
37+444+85+138=,67+18+53+32=,704,21949,8258,37+138+444+85=,37+85+444+138=,138+85+444+37=,138+37+85+444=,85+138+444+37=,138+85+37+444=,138+444+37+85=,444+138+37+85=,85+444+37+138=
66+82+485+21=,23+106+152+33=,654,21969,16104,66+21+485+82=,82+66+485+21=,21+485+82+66=,485+82+66+21=,485+66+21+82=,21+66+485+82=,485+21+82+66=,21+82+66+485=,485+82+21+66=
47+30+120+29=,94+313+59+55=,226,14057,20767,29+30+47+120=,30+47+29+120=,120+29+30+47=,120+30+29+47=,30+120+29+47=,30+120+47+29=,30+29+47+120=,30+47+120+29=,120+29+47+30=
265+120+305+196=,323+53+185+158=,886,25399,24758,305+196+120+265=,265+196+305+120=,305+120+196+265=,305+265+120+196=,120+305+196+265=,120+196+265+305=,196+305+265+120=,265+196+120+305=,196+120+305+265=
37+28+219+135=,480+212+45+187=,419,19391,23890,37+219+135+28=,28+37+135+219=,28+219+135+37=,28+219+37+135=,28+135+37+219=,135+37+28+219=,135+37+219+28=,135+219+37+28=,28+135+219+37=
70+110+66+102=,14+8+50+31=,348,19746,6889,102+110+66+70=,102+66+110+70=,66+102+70+110=,110+102+70+66=,110+70+66+102=,70+66+102+110=,110+102+66+70=,66+70+102+110=,66+110+70+102=
112+13+42+17=,3+183+3+127=,184,10336,15340,112+17+13+42=,13+42+112+17=,17+42+13+112=,42+17+13+112=,17+112+13+42=,17+42+112+13=,112+42+17+13=,42+17+112+13=,112+13+17+42=
3+76+161+358=,86+23+65+54=,598,21856,14261,161+358+3+76=,358+76+3+161=,76+161+3+358=,3+358+76+161=,161+3+358+76=,3+76+358+161=,358+161+3+76=,76+358+3+161=,76+3+161+358=
120+29+28+12=,272+158+76+187=,189,9378,25298,29+12+120+28=,12+28+120+29=,28+29+12+120=,28+12+120+29=,28+29+120+12=,28+120+12+29=,120+12+28+29=,28+12+29+120=,12+120+29+28=
60+136+16+7=,33+108+29+244=,219,13762,17448,7+16+136+60=,136+16+60+7=,60+7+136+16=,136+16+7+60=,136+7+16+60=,7+60+16+136=,60+7+16+136=,16+136+60+7=,7+136+60+16=
37+337+58+521=,89+79+142+6=,953,25326,15340,37+521+58+337=,521+58+37+337=,37+521+337+58=,521+337+58+37=,521+37+337+58=,37+58+521+337=,58+37+521+337=,58+37+337+521=,337+58+37+521=
305+377+49+114=,413+86+45+313=,845,24650,20907,377+114+49+305=,305+114+49+377=,114+49+377+305=,377+49+114+305=,49+377+305+114=,377+305+49+114=,49+114+377+305=,305+49+114+377=,305+49+377+114=
7+55+7+31=,28+191+461+125=,100,1041,21032,7+55+31+7=,7+31+7+55=,31+7+7+55=,55+31+7+7=,7+7+31+55=,31+55+7+7=,31+7+7+55=,31+7+55+7=,7+31+7+55=
6+53+3+42=,311+12+23+139=,104,6849,19773,53+42+3+6=,3+42+6+53=,53+6+3+42=,42+53+6+3=,53+42+6+3=,3+6+53+42=,6+3+53+42=,6+42+53+3=,42+3+6+53=
35+111+24+17=,190+329+116+38=,187,9674,24938,24+17+35+111=,35+17+24+111=,35+24+17+111=,17+24+35+111=,35+111+17+24=,17+35+24+111=,111+17+24+35=,111+35+24+17=,24+111+35+17=
26+37+45+2=,75+16+39+301=,110,5120,19852,2+45+37+26=,45+2+26+37=,45+26+37+2=,37+26+45+2=,2+45+26+37=,45+37+26+2=,2+37+45+26=,45+2+37+26=,45+37+2+26=
413+86+45+313=,45+315+126+94=,857,20907,18216,413+45+86+313=,413+313+86+45=,45+313+413+86=,313+45+413+86=,313+86+413+45=,86+413+45+313=,86+313+45+413=,86+45+313+413=,413+45+313+86=
118+29+343+229=,386+282+283+12=,719,24758,26087,118+343+229+29=,29+118+229+343=,29+343+229+118=,343+29+229+118=,229+29+118+343=,343+29+118+229=,343+229+118+29=,343+118+29+229=,229+118+29+343=
12+52+1+121=,156+16+104+29=,186,9714,13364,121+12+52+1=,1+121+12+52=,1+52+121+12=,52+12+121+1=,121+1+52+12=,12+1+52+121=,52+1+121+12=,1+12+121+52=,121+52+12+1=
172+42+230+478=,60+136+16+7=,922,20275,13762,172+230+42+478=,478+42+172+230=,172+478+230+42=,42+230+478+172=,230+172+42+478=,478+172+42+230=,230+478+42+172=,172+478+42+230=,478+42+230+172=
4+64+330+129=,50+163+251+40=,527,22369,18048,330+4+129+64=,64+129+4+330=,4+129+330+64=,129+4+330+64=,4+129+64+330=,4+64+129+330=,64+330+4+129=,129+64+4+330=,64+129+330+4=
29+122+166+193=,135+37+186+228=,510,15633,22345,122+166+193+29=,193+29+122+166=,166+193+29+122=,166+193+122+29=,122+29+166+193=,29+122+193+166=,193+29+166+122=,193+166+122+29=,29+166+122+193=
190+329+116+38=,10+114+202+385=,673,24938,22375,38+190+329+116=,38+190+116+329=,190+116+329+38=,116+190+38+329=,38+329+116+190=,329+190+38+116=,190+38+116+329=,38+116+190+329=,116+329+190+38=
47+7+146+80=,272+158+76+187=,280,11209,25298,80+146+7+47=,146+7+80+47=,146+47+80+7=,47+7+80+146=,7+80+47+146=,146+47+7+80=,80+47+146+7=,146+7+47+80=,7+80+146+47=
56+214+48+41=,12+52+1+121=,359,19192,9714,48+41+56+214=,41+48+214+56=,56+48+214+41=,56+214+41+48=,48+214+41+56=,214+41+48+56=,214+41+56+48=,41+214+48+56=,56+48+41+214=
117+103+86+15=,37+28+219+135=,321,14423,19391,86+103+15+117=,117+103+15+86=,15+86+103+117=,86+15+117+103=,15+117+103+86=,103+15+86+117=,103+117+86+15=,117+15+103+86=,86+117+103+15=
191+17+101+10=,67+87+150+147=,319,16874,20360,17+191+10+101=,191+101+17+10=,10+17+101+191=,10+101+191+17=,101+10+191+17=,101+191+10+17=,191+10+101+17=,101+10+17+191=,10+191+17+101=
6+143+6+115=,118+29+343+229=,270,10914,24758,143+6+6+115=,143+115+6+6=,143+6+115+6=,143+6+6+115=,6+115+6+143=,6+115+143+6=,115+143+6+6=,115+6+6+143=,6+143+115+6=
33+207+555+23=,6+143+6+115=,818,23141,10914,555+207+33+23=,33+23+207+555=,33+23+555+207=,207+33+555+23=,23+33+555+207=,23+207+555+33=,207+23+555+33=,23+555+33+207=,555+207+23+33=
70+13+239+34=,64+86+86+163=,356,18349,18572,13+70+239+34=,70+239+13+34=,239+34+70+13=,70+34+239+13=,34+239+70+13=,70+13+34+239=,13+239+34+70=,239+13+34+70=,13+34+70+239=
454+19+15+412=,172+268+150+128=,900,7467,21982,15+454+412+19=,412+15+454+19=,19+454+412+15=,19+454+15+412=,19+15+412+454=,15+412+454+19=,454+412+15+19=,15+412+19+454=,412+15+19+454=
75+16+39+301=,230+236+356+146=,431,19852,23386,39+301+75+16=,301+39+16+75=,39+16+301+75=,75+39+16+301=,16+301+75+39=,301+39+75+16=,39+75+16+301=,301+75+16+39=,75+301+39+16=
505+152+15+70=,117+103+86+15=,742,25560,14423,15+70+152+505=,70+152+15+505=,70+15+505+152=,15+505+70+152=,152+505+70+15=,70+505+15+152=,152+70+15+505=,505+70+15+152=,505+15+70+152=
64+86+86+163=,23+106+152+33=,399,18572,16104,64+163+86+86=,163+64+86+86=,86+86+64+163=,163+86+86+64=,86+64+163+86=,163+64+86+86=,163+86+64+86=,64+86+86+163=,86+64+86+163=
84+22+183+707=,174+64+17+91=,996,23031,18061,183+22+707+84=,183+707+84+22=,22+183+707+84=,183+84+22+707=,22+183+84+707=,84+707+183+22=,183+22+84+707=,22+84+707+183=,707+22+84+183=
46+70+57+95=,10+114+202+385=,268,16332,22375,57+46+95+70=,46+95+57+70=,46+95+70+57=,46+70+95+57=,95+46+57+70=,70+95+46+57=,70+46+95+57=,70+95+57+46=,70+57+46+95=
41+64+32+1=,25+322+12+566=,138,10350,21910,41+32+64+1=,32+1+64+41=,64+32+41+1=,64+32+1+41=,1+41+32+64=,64+1+41+32=,64+1+32+41=,1+32+41+64=,41+1+64+32=
74+90+88+252=,92+283+60+159=,504,18048,23428,74+252+90+88=,90+88+74+252=,90+88+252+74=,88+90+252+74=,90+252+74+88=,252+88+74+90=,252+90+88+74=,74+90+252+88=,90+74+88+252=
155+32+55+10=,6+143+6+115=,252,12326,10914,32+55+10+155=,10+55+32+155=,32+10+155+55=,10+155+55+32=,10+55+155+32=,55+10+155+32=,155+55+10+32=,55+32+10+155=,55+32+155+10=
125+22+107+56=,52+66+6+499=,310,12226,22801,22+107+125+56=,22+107+56+125=,22+56+125+107=,107+56+22+125=,125+22+56+107=,125+56+107+22=,22+125+107+56=,107+22+125+56=,125+107+56+22=
1+4+37+130=,16+65+2+135=,172,10861,13302,130+1+4+37=,130+4+37+1=,4+1+130+37=,37+4+130+1=,37+4+1+130=,130+37+1+4=,4+1+37+130=,1+130+37+4=,4+130+1+37=
89+79+142+6=,197+186+163+308=,316,15340,25515,79+89+142+6=,79+142+6+89=,89+6+79+142=,79+6+89+142=,142+79+6+89=,142+89+6+79=,79+89+6+142=,6+142+89+79=,6+89+79+142=
23+66+292+123=,7+55+7+31=,504,18048,1041,292+66+123+23=,123+292+66+23=,66+23+292+123=,66+123+292+23=,123+292+23+66=,123+66+23+292=,66+123+23+292=,292+123+66+23=,23+123+292+66=
14+67+12+16=,190+179+1+322=,109,7743,25073,67+16+12+14=,14+16+12+67=,16+67+12+14=,14+12+16+67=,12+14+67+16=,12+16+14+67=,16+67+14+12=,14+12+67+16=,67+14+16+12=
581+154+16+58=,4+64+330+129=,809,21474,22369,58+581+16+154=,154+16+581+58=,154+58+581+16=,58+154+16+581=,581+154+58+16=,16+581+154+58=,581+58+16+154=,58+581+154+16=,581+16+58+154=
41+199+26+306=,28+191+461+125=,572,22468,21032,41+306+199+26=,306+41+26+199=,199+26+306+41=,199+41+306+26=,306+41+199+26=,41+26+306+199=,306+199+41+26=,306+199+26+41=,26+306+41+199=
5+120+68+434=,190+329+116+38=,627,23103,24938,434+120+5+68=,68+434+120+5=,5+68+120+434=,68+5+120+434=,68+5+434+120=,5+68+434+120=,120+434+68+5=,5+434+68+120=,120+5+68+434=
176+22+279+245=,172+268+150+128=,722,23024,21982,279+245+22+176=,279+245+176+22=,245+176+279+22=,22+245+279+176=,279+176+245+22=,22+245+176+279=,22+279+176+245=,245+176+22+279=,176+279+22+245=
129+1+397+61=,190+179+1+322=,588,20691,25073,61+397+129+1=,397+1+61+129=,61+397+1+129=,397+1+129+61=,61+129+1+397=,397+61+129+1=,1+397+61+129=,61+1+397+129=,397+129+61+1=
165+51+219+207=,243+293+31+124=,642,22266,25168,51+219+207+165=,219+207+165+51=,219+51+165+207=,165+207+219+51=,165+219+207+51=,51+219+165+207=,51+165+207+219=,207+165+219+51=,219+165+51+207=
84+104+57+97=,299+122+152+218=,342,17590,26234,104+84+97+57=,57+97+84+104=,104+97+84+57=,97+104+57+84=,97+104+84+57=,104+84+57+97=,84+57+97+104=,97+84+57+104=,57+97+104+84=
60+74+116+49=,33+271+86+76=,299,15531,21404,116+49+74+60=,49+116+60+74=,60+116+74+49=,60+74+49+116=,60+116+49+74=,116+60+49+74=,49+74+60+116=,60+49+116+74=,49+116+74+60=
28+191+461+125=,86+23+65+54=,805,21032,14261,28+125+191+461=,125+28+461+191=,28+461+191+125=,125+191+461+28=,191+28+125+461=,28+191+125+461=,191+461+28+125=,461+28+125+191=,461+28+191+125=
33+108+29+244=,413+86+45+313=,414,17448,20907,33+244+108+29=,244+29+33+108=,244+33+29+108=,108+29+33+244=,244+29+108+33=,108+33+29+244=,29+244+108+33=,244+108+33+29=,244+108+29+33=
426+140+395+13=,581+154+16+58=,974,26007,21474,395+426+140+13=,395+140+426+13=,13+395+426+140=,395+13+140+426=,140+395+13+426=,140+395+426+13=,426+395+140+13=,13+395+140+426=,140+13+426+395=
23+53+11+42=,41+199+26+306=,129,9748,22468,53+23+42+11=,53+23+11+42=,42+53+23+11=,11+23+53+42=,11+53+23+42=,23+11+53+42=,11+23+42+53=,42+11+53+23=,53+11+42+23=
195+83+10+12=,23+106+152+33=,300,3101,16104,195+12+83+10=,10+12+83+195=,83+12+10+195=,12+10+195+83=,195+10+12+83=,10+195+83+12=,10+12+195+83=,10+83+12+195=,83+10+12+195=
67+12+149+199=,248+23+120+227=,427,20465,21985,199+149+12+67=,199+12+67+149=,199+12+149+67=,67+199+149+12=,149+12+199+67=,67+149+199+12=,67+199+12+149=,149+199+67+12=,12+199+67+149=
41+53+22+74=,18+392+98+144=,190,7028,23181,22+53+41+74=,74+53+22+41=,22+74+53+41=,22+41+74+53=,41+74+53+22=,41+22+53+74=,53+74+41+22=,22+74+41+53=,74+22+41+53=
77+8+114+32=,5+120+68+434=,231,12245,23103,114+8+32+77=,32+8+77+114=,8+32+114+77=,32+114+8+77=,77+32+114+8=,77+32+8+114=,8+77+32+114=,114+8+77+32=,77+114+32+8=
23+9+4+69=,272+158+76+187=,105,6550,25298,4+9+69+23=,4+69+9+23=,23+9+69+4=,69+23+4+9=,23+4+9+69=,9+69+23+4=,4+9+23+69=,69+4+9+23=,23+69+9+4=
55+54+92+89=,108+190+277+348=,290,13754,22614,54+89+55+92=,89+55+92+54=,54+92+55+89=,55+54+89+92=,92+89+54+55=,92+55+89+54=,92+54+55+89=,92+54+89+55=,89+92+54+55=
114+143+117+296+13=,57+167+86+26+77=,683,24887,19288,114+13+296+117+143=,117+143+13+296+114=,296+114+117+13+143=,114+143+296+117+13=,143+114+13+117+296=,143+114+296+117+13=,296+117+13+143+114=,117+143+296+114+13=,114+296+13+117+143=
33+159+207+240+222=,59+68+28+38+289=,861,24963,21984,33+159+207+222+240=,222+207+240+33+159=,207+222+33+240+159=,222+207+33+240+159=,207+240+222+33+159=,240+159+207+222+33=,159+222+207+33+240=,33+240+222+207+159=,159+207+33+240+222=
246+472+136+67+12=,111+46+56+45+256=,933,25806,20998,472+12+246+67+136=,136+67+472+246+12=,472+136+12+246+67=,12+472+246+67+136=,136+246+472+12+67=,67+472+246+136+12=,136+67+12+246+472=,67+12+246+136+472=,472+246+67+136+12=
138+138+45+270+14=,16+628+26+31+165=,605,19666,22455,270+138+14+138+45=,14+138+138+45+270=,138+45+138+14+270=,14+138+270+138+45=,138+270+138+45+14=,138+270+45+138+14=,45+270+14+138+138=,45+138+14+138+270=,270+45+138+138+14=
4+26+55+84+72=,378+166+270+78+55=,241,13341,26511,26+84+4+55+72=,72+84+55+26+4=,26+72+55+4+84=,72+26+4+84+55=,72+26+84+55+4=,55+4+72+84+26=,55+72+4+84+26=,72+84+26+55+4=,84+4+55+72+26=
78+689+20+94+3=,353+128+67+49+49=,884,25962,22642,20+689+3+94+78=,689+3+78+20+94=,78+689+20+3+94=,78+94+689+20+3=,94+689+20+3+78=,689+94+3+20+78=,94+78+689+20+3=,689+94+20+78+3=,94+20+78+689+3=
16+628+26+31+165=,138+138+45+270+14=,866,22455,19666,16+26+165+31+628=,26+628+165+31+16=,26+31+16+628+165=,16+628+31+165+26=,26+165+628+31+16=,165+31+16+628+26=,31+26+165+16+628=,26+16+31+628+165=,16+165+26+628+31=
201+10+75+678+31=,32+101+76+123+270=,995,22101,20224,75+31+10+678+201=,10+201+75+678+31=,201+75+10+31+678=,31+75+201+10+678=,10+75+201+678+31=,678+75+10+31+201=,678+10+31+201+75=,31+75+678+201+10=,31+678+201+10+75=
8+34+56+62+47=,124+155+2+10+248=,207,12060,23033,34+8+47+56+62=,62+8+47+56+34=,56+8+34+47+62=,62+47+34+56+8=,62+34+8+56+47=,62+8+56+34+47=,47+62+8+56+34=,47+62+34+56+8=,8+62+56+34+47=
32+101+76+123+270=,111+46+56+45+256=,602,20224,20998,123+76+101+32+270=,101+32+76+123+270=,270+76+101+123+32=,101+76+123+32+270=,32+123+270+101+76=,76+32+270+101+123=,32+101+123+270+76=,32+123+101+76+270=,101+76+270+123+32=
41+260+303+48+87=,11+52+23+18+6=,739,25809,5120,87+41+48+303+260=,48+260+303+41+87=,41+260+48+303+87=,41+87+48+260+303=,303+87+48+41+260=,87+41+303+260+48=,260+303+41+48+87=,41+48+303+87+260=,87+260+41+48+303=
33+9+248+443+31=,11+204+10+218+225=,764,24402,24427,443+33+248+9+31=,9+443+248+33+31=,33+248+443+31+9=,9+33+248+443+31=,33+443+9+248+31=,248+31+9+443+33=,9+443+33+248+31=,31+33+443+248+9=,443+248+33+9+31=
234+108+66+60+145=,25+437+129+45+247=,613,22922,24902,108+145+66+234+60=,108+66+234+60+145=,234+66+145+108+60=,234+145+108+60+66=,60+108+145+234+66=,60+108+234+145+66=,60+145+234+66+108=,108+60+234+66+145=,145+234+60+108+66=
21+261+301+75+27=,74+206+14+50+210=,685,23717,22303,261+27+75+301+21=,301+261+27+21+75=,27+21+261+75+301=,21+75+261+301+27=,75+27+301+21+261=,301+21+27+75+261=,301+27+75+21+261=,21+75+301+27+261=,21+301+75+27+261=
13+31+6+118+361=,16+101+48+219+135=,529,21618,21851,6+361+118+13+31=,6+31+118+361+13=,118+13+31+361+6=,118+6+13+361+31=,13+31+6+361+118=,118+31+6+13+361=,361+31+13+6+118=,118+6+361+31+13=,31+118+361+6+13=
378+166+270+78+55=,8+34+56+62+47=,947,26511,12060,270+378+55+78+166=,166+78+270+55+378=,78+55+270+166+378=,166+378+78+270+55=,270+378+78+166+55=,78+166+270+55+378=,270+78+166+378+55=,166+270+55+78+378=,270+166+55+78+378=
3+30+67+151+25=,236+28+499+92+140=,276,16660,22101,25+67+3+30+151=,151+3+67+30+25=,25+3+67+151+30=,151+67+25+3+30=,30+3+151+25+67=,3+25+67+151+30=,151+67+3+25+30=,151+3+67+25+30=,30+67+3+25+151=
257+71+138+38+117=,16+101+48+219+135=,621,22488,21851,257+117+38+71+138=,117+257+71+138+38=,38+138+117+257+71=,71+117+257+38+138=,257+38+71+138+117=,138+38+257+71+117=,138+117+71+38+257=,117+257+38+138+71=,138+38+71+257+117=
333+108+17+130+109=,77+131+22+161+56=,697,25388,20800,109+108+333+130+17=,17+109+130+333+108=,333+17+109+108+130=,17+108+130+109+333=,333+130+108+109+17=,130+109+333+17+108=,130+333+108+17+109=,109+333+17+108+130=,130+17+109+333+108=
49+186+54+16+93=,43+70+30+31+309=,398,19838,21884,49+16+93+54+186=,54+16+186+93+49=,49+16+186+93+54=,16+54+93+49+186=,16+93+186+54+49=,186+49+93+16+54=,54+93+49+186+16=,16+186+49+54+93=,16+49+186+93+54=
41+10+21+137+12=,15+36+214+51+120=,221,12425,21299,21+41+137+12+10=,10+41+21+137+12=,10+12+41+137+21=,10+137+12+41+21=,10+41+12+137+21=,12+41+137+21+10=,21+12+41+10+137=,41+21+137+12+10=,12+41+10+137+21=
171+111+249+257+77=,201+246+108+51+53=,865,24678,25090,249+111+257+77+171=,77+249+257+111+171=,171+111+257+77+249=,111+257+77+171+249=,111+249+171+257+77=,257+111+249+171+77=,257+249+171+111+77=,171+111+257+249+77=,111+171+249+257+77=
58+26+282+252+17=,47+35+205+6+19=,635,22276,13384,17+282+252+26+58=,252+17+26+282+58=,26+252+17+282+58=,26+17+58+252+282=,17+282+26+252+58=,282+26+17+58+252=,282+58+17+26+252=,58+17+282+252+26=,282+58+17+252+26=
20+68+183+20+338=,234+108+66+60+145=,629,24239,22922,338+20+20+183+68=,20+183+68+338+20=,20+68+20+338+183=,20+68+183+20+338=,338+68+20+183+20=,20+20+183+68+338=,68+20+338+183+20=,20+338+183+68+20=,68+20+20+338+183=
197+66+376+60+9=,312+83+66+25+16=,708,21295,17824,9+66+376+197+60=,60+66+197+9+376=,197+376+66+9+60=,66+197+9+60+376=,197+66+60+376+9=,9+376+60+66+197=,376+66+9+60+197=,66+197+376+60+9=,376+197+60+66+9=
43+16+223+90+238=,75+196+387+127+147=,610,17608,25401,223+238+16+90+43=,223+90+16+238+43=,16+238+43+90+223=,90+16+223+43+238=,223+90+238+43+16=,238+90+223+43+16=,238+16+90+43+223=,223+16+238+43+90=,16+238+90+223+43=
119+74+159+66+138=,84+198+20+40+55=,556,20866,20698,159+66+119+138+74=,159+119+138+66+74=,138+159+119+74+66=,66+119+138+159+74=,138+66+74+119+159=,74+119+159+66+138=,138+119+74+66+159=,159+66+74+119+138=,159+66+74+138+119=
201+246+108+51+53=,285+20+106+216+4=,659,25090,21729,53+246+108+201+51=,53+246+201+108+51=,51+108+201+246+53=,201+108+51+53+246=,201+51+246+53+108=,108+51+53+201+246=,53+51+201+108+246=,53+201+246+108+51=,108+201+246+51+53=
89+213+329+125+33=,17+64+230+48+25=,789,16474,12910,213+125+329+89+33=,125+89+33+329+213=,125+33+213+89+329=,213+329+33+89+125=,125+89+329+213+33=,125+329+89+33+213=,329+125+213+89+33=,125+213+33+329+89=,213+33+329+89+125=
235+128+202+199+49=,27+342+254+122+252=,813,24288,22694,128+202+235+199+49=,49+235+128+202+199=,49+199+235+202+128=,49+235+202+128+199=,128+199+49+202+235=,235+202+128+49+199=,49+128+235+199+202=,202+128+49+199+235=,235+49+128+199+202=
320+42+151+106+41=,378+166+270+78+55=,660,19274,26511,42+106+151+41+320=,151+41+106+42+320=,151+42+41+106+320=,320+42+41+106+151=,41+42+320+151+106=,42+41+151+106+320=,106+41+151+320+42=,42+41+106+320+151=,151+41+42+106+320=
16+97+46+3+13=,3+30+67+151+25=,175,10005,16660,3+46+13+97+16=,13+46+3+97+16=,46+97+3+16+13=,3+97+16+13+46=,46+3+97+13+16=,3+97+46+16+13=,46+3+13+16+97=,46+97+3+13+16=,3+16+46+97+13=
98+63+50+393+93=,15+36+214+51+120=,697,25388,21299,93+63+393+98+50=,393+63+98+93+50=,98+93+63+393+50=,98+50+93+393+63=,98+63+393+50+93=,98+50+63+393+93=,63+98+93+393+50=,63+93+393+98+50=,50+63+98+93+393=
77+131+22+161+56=,21+261+301+75+27=,447,20800,23717,77+22+131+161+56=,77+56+161+22+131=,161+56+131+77+22=,22+56+161+77+131=,22+56+77+161+131=,56+22+161+131+77=,77+56+161+131+22=,56+22+161+77+131=,56+77+131+22+161=
3+65+184+99+56=,257+160+37+234+225=,407,18501,24331,184+3+65+99+56=,3+56+99+65+184=,184+65+99+3+56=,56+3+99+184+65=,65+184+99+56+3=,99+184+65+3+56=,3+99+65+184+56=,56+99+184+3+65=,184+99+65+56+3=
278+62+2+37+16=,33+9+248+443+31=,395,19498,24402,2+62+16+37+278=,2+37+278+62+16=,278+2+16+62+37=,37+278+62+16+2=,16+2+37+278+62=,278+62+16+37+2=,37+62+278+2+16=,37+2+278+16+62=,37+2+62+278+16=
285+20+106+216+4=,105+48+150+3+47=,631,21729,17228,20+4+106+285+216=,106+285+216+4+20=,106+4+20+216+285=,20+106+4+285+216=,216+106+4+285+20=,4+285+20+106+216=,4+216+285+106+20=,20+106+216+4+285=,4+20+285+216+106=
353+128+67+49+49=,257+160+37+234+225=,646,22642,24331,128+67+49+49+353=,353+67+49+49+128=,353+128+49+67+49=,67+49+353+128+49=,67+49+49+353+128=,67+49+49+353+128=,128+49+49+353+67=,353+67+128+49+49=,353+49+67+49+128=
84+31+8+204+87=,201+246+108+51+53=,414,17448,25090,204+8+31+87+84=,204+84+31+87+8=,8+31+204+87+84=,204+8+87+31+84=,87+204+84+8+31=,204+84+31+8+87=,87+8+31+204+84=,8+31+87+204+84=,8+204+87+84+31=
25+437+129+45+247=,199+263+128+16+51=,883,24902,23480,45+437+25+129+247=,25+437+45+247+129=,247+129+45+437+25=,247+25+45+437+129=,25+247+437+129+45=,45+129+25+247+437=,129+437+25+45+247=,247+437+129+45+25=,25+437+129+247+45=
166+24+3+55+61=,33+159+207+240+222=,309,15500,24963,55+166+3+24+61=,3+55+24+61+166=,55+24+3+61+166=,166+3+24+61+55=,3+24+166+55+61=,3+55+61+24+166=,3+55+61+166+24=,61+24+166+55+3=,61+24+3+55+166=
63+6+2+12+26=,320+42+151+106+41=,109,7743,19274,6+12+26+2+63=,26+12+6+63+2=,12+26+63+2+6=,63+2+26+6+12=,26+12+2+63+6=,63+2+6+12+26=,6+12+2+26+63=,12+6+26+63+2=,12+26+63+6+2=
7+109+166+88+552=,278+62+2+37+16=,922,20275,19498,7+552+88+166+109=,552+109+88+7+166=,552+88+166+7+109=,7+88+552+109+166=,88+552+109+166+7=,7+166+552+88+109=,88+552+109+7+166=,552+88+7+166+109=,109+7+88+166+552=
111+46+56+45+256=,312+83+66+25+16=,514,20998,17824,46+111+45+256+56=,56+111+45+46+256=,256+56+46+111+45=,46+45+111+256+56=,56+45+111+46+256=,45+256+56+111+46=,111+46+256+56+45=,45+46+256+111+56=,46+56+256+111+45=
10+158+35+62+62=,257+160+37+234+225=,327,13817,24331,62+62+10+158+35=,158+35+62+10+62=,158+10+35+62+62=,62+10+35+158+62=,158+35+62+62+10=,158+10+62+35+62=,35+10+62+62+158=,62+62+10+35+158=,62+10+62+158+35=
307+21+1+361+46=,33+9+248+443+31=,736,23969,24402,21+46+1+307+361=,361+21+1+307+46=,1+21+361+46+307=,361+1+21+307+46=,1+307+46+21+361=,1+21+46+307+361=,21+46+1+361+307=,361+1+307+21+46=,46+21+1+361+307=
204+68+62+221+241=,124+155+2+10+248=,796,24832,23033,62+241+204+221+68=,204+62+241+221+68=,68+62+221+204+241=,62+204+241+221+68=,68+221+204+62+241=,221+204+241+68+62=,68+204+62+241+221=,204+221+241+62+68=,204+221+68+241+62=
49+7+190+26+282=,163+26+344+177+137=,554,22303,25125,26+190+282+49+7=,26+49+7+282+190=,7+190+26+282+49=,190+26+7+49+282=,49+26+7+190+282=,26+7+190+49+282=,282+26+7+190+49=,282+190+7+26+49=,282+7+190+26+49=
17+64+230+48+25=,489+137+5+142+160=,384,12910,25806,25+230+17+48+64=,25+230+17+64+48=,17+230+64+48+25=,64+230+48+25+17=,48+230+17+25+64=,48+25+230+64+17=,64+48+17+25+230=,230+48+25+17+64=,64+17+25+48+230=
75+196+387+127+147=,166+24+3+55+61=,932,25401,15500,147+387+196+127+75=,387+196+127+147+75=,387+127+196+147+75=,387+196+75+127+147=,387+196+147+75+127=,127+196+75+147+387=,147+196+75+387+127=,75+147+196+127+387=,75+387+127+147+196=
391+272+238+43+39=,313+114+36+20+158=,983,24742,23525,39+391+272+43+238=,39+238+391+43+272=,43+39+238+272+391=,272+391+43+39+238=,391+43+39+272+238=,39+43+238+272+391=,43+272+39+238+391=,39+272+238+43+391=,39+391+238+43+272=
39+310+102+298+77=,38+119+130+113+105=,826,23038,17786,102+298+39+310+77=,298+39+310+77+102=,310+102+298+77+39=,298+77+310+102+39=,298+310+39+102+77=,39+102+77+298+310=,298+77+102+39+310=,77+39+298+102+310=,102+77+39+298+310=
11+66+233+231+55=,10+158+35+62+62=,596,24515,13817,233+66+11+231+55=,231+66+233+11+55=,233+55+11+66+231=,233+55+231+11+66=,66+233+55+11+231=,11+55+233+231+66=,66+231+11+233+55=,66+231+11+55+233=,231+55+233+66+11=
489+137+5+142+160=,172+230+135+63+292=,933,25806,24110,137+160+5+142+489=,142+137+160+489+5=,160+142+489+137+5=,160+489+137+142+5=,5+489+160+137+142=,160+489+142+5+137=,5+137+160+142+489=,489+5+160+137+142=,137+489+160+142+5=
15+36+214+51+120=,378+166+270+78+55=,436,21299,26511,214+51+15+120+36=,214+120+36+15+51=,51+15+36+214+120=,214+36+15+120+51=,51+15+36+120+214=,36+214+120+51+15=,15+120+214+36+51=,15+51+214+120+36=,36+214+120+15+51=
191+11+51+14+192=,3+65+184+99+56=,459,22094,18501,191+51+14+11+192=,11+191+51+14+192=,11+192+191+51+14=,192+11+14+51+191=,192+11+191+51+14=,51+11+14+191+192=,191+14+11+192+51=,14+192+51+191+11=,191+51+11+192+14=
238+213+81+111+68=,3+65+184+99+56=,711,22375,18501,68+238+81+213+111=,213+238+81+68+111=,81+68+213+238+111=,238+213+111+68+81=,68+213+81+111+238=,238+81+68+111+213=,238+213+68+81+111=,111+213+68+81+238=,111+68+81+213+238=
28+577+64+51+73=,23+44+51+118+47=,793,24531,16085,64+73+577+28+51=,577+28+51+64+73=,64+51+73+28+577=,577+64+28+51+73=,64+577+51+73+28=,64+51+577+28+73=,51+64+28+577+73=,73+64+577+51+28=,51+64+577+28+73=
36+14+18+5+47=,138+138+45+270+14=,120,4364,19666,5+18+36+14+47=,47+5+14+18+36=,18+36+5+14+47=,18+14+47+5+36=,5+36+14+18+47=,18+36+5+47+14=,47+14+36+5+18=,18+14+47+36+5=,18+14+5+47+36=
15+5+85+51+30=,199+263+128+16+51=,186,9714,23480,15+30+51+85+5=,30+15+85+5+51=,5+85+30+15+51=,51+85+30+15+5=,5+51+30+85+15=,15+51+30+85+5=,15+30+85+51+5=,30+51+5+15+85=,51+5+15+85+30=
33+56+166+136+179=,59+134+111+63+53=,570,18712,12819,136+166+56+33+179=,56+136+179+166+33=,179+166+136+56+33=,166+179+136+33+56=,166+33+136+56+179=,33+136+166+179+56=,56+179+33+136+166=,33+179+136+166+56=,166+56+179+136+33=
23+41+21+3+728=,489+137+5+142+160=,816,23713,25806,3+41+21+23+728=,21+3+41+23+728=,23+3+21+41+728=,41+3+23+728+21=,23+41+3+728+21=,728+41+23+3+21=,21+728+23+3+41=,3+21+41+728+23=,23+3+21+728+41=
31+13+15+99+66=,27+82+74+10+4=,224,10697,4468,31+99+66+13+15=,13+31+99+15+66=,66+99+15+13+31=,66+99+13+31+15=,66+15+31+13+99=,13+15+31+99+66=,66+15+13+99+31=,15+13+31+66+99=,13+66+31+15+99=
109+35+19+68+93=,181+35+32+7+37=,324,16723,16443,93+68+109+35+19=,35+68+19+93+109=,19+93+35+68+109=,19+109+35+93+68=,19+68+35+109+93=,68+109+93+19+35=,93+19+68+109+35=,19+109+93+68+35=,109+68+93+19+35=
27+342+254+122+252=,16+240+10+30+32=,997,22694,16884,252+342+122+254+27=,342+252+27+122+254=,254+122+27+342+252=,254+342+27+122+252=,122+27+254+252+342=,27+342+254+252+122=,122+252+254+27+342=,342+122+27+252+254=,254+252+122+27+342=
59+134+111+63+53=,16+240+10+30+32=,420,12819,16884,63+59+134+111+53=,59+53+134+111+63=,59+63+134+53+111=,134+63+53+59+111=,134+111+53+59+63=,134+59+63+53+111=,63+53+111+134+59=,59+134+63+111+53=,63+111+59+134+53=
50+122+24+22+71=,49+186+54+16+93=,289,17212,19838,22+50+71+24+122=,50+71+122+24+22=,50+24+71+22+122=,24+71+122+22+50=,50+24+122+71+22=,24+22+71+50+122=,71+122+24+50+22=,22+24+122+71+50=,24+122+50+71+22=
105+48+150+3+47=,3+30+67+151+25=,353,17228,16660,105+3+150+47+48=,48+3+150+47+105=,105+48+3+150+47=,3+105+48+47+150=,48+150+105+47+3=,47+150+48+105+3=,47+150+3+48+105=,150+48+105+47+3=,47+150+3+105+48=
382+124+59+134+22=,235+128+202+199+49=,721,20873,24288,59+134+382+22+124=,22+124+59+134+382=,124+59+382+22+134=,59+382+22+124+134=,134+59+382+22+124=,124+22+134+382+59=,382+134+22+59+124=,382+22+124+134+59=,22+134+382+59+124=
124+155+2+10+248=,39+310+102+298+77=,539,23033,23038,155+124+248+10+2=,155+124+2+10+248=,10+124+248+155+2=,10+124+2+248+155=,2+10+155+248+124=,155+248+2+10+124=,124+10+155+248+2=,124+2+10+155+248=,124+248+155+2+10=
106+337+29+327+178=,33+159+207+240+222=,977,26409,24963,106+29+337+178+327=,337+327+29+106+178=,29+106+337+327+178=,337+106+327+178+29=,327+337+178+29+106=,337+327+29+178+106=,327+178+106+337+29=,327+337+106+178+29=,178+29+106+327+337=
74+206+14+50+210=,201+246+108+51+53=,554,22303,25090,50+74+206+14+210=,14+74+210+50+206=,206+74+50+210+14=,74+14+50+206+210=,74+14+210+206+50=,74+14+206+210+50=,74+14+210+50+206=,14+210+206+74+50=,50+210+206+14+74=
47+35+205+6+19=,63+6+2+12+26=,312,13384,7743,205+35+47+6+19=,35+205+19+6+47=,35+205+19+47+6=,35+205+47+19+6=,205+35+6+47+19=,6+205+35+19+47=,35+6+205+47+19=,19+6+205+35+47=,19+47+35+6+205=
43+70+30+31+309=,41+46+74+86+5=,483,21884,12326,309+31+70+30+43=,70+43+309+30+31=,70+31+309+30+43=,31+309+30+70+43=,70+309+31+30+43=,30+43+309+31+70=,43+30+70+309+31=,30+309+31+70+43=,309+43+70+31+30=
11+52+23+18+6=,199+263+128+16+51=,110,5120,23480,11+18+23+52+6=,23+6+11+52+18=,23+52+11+6+18=,6+18+11+23+52=,23+11+6+52+18=,6+23+52+11+18=,18+52+11+6+23=,23+6+52+18+11=,18+52+23+6+11=
266+2+43+3+30=,47+35+205+6+19=,344,17451,13384,43+266+30+3+2=,266+3+43+30+2=,3+2+266+43+30=,3+266+2+43+30=,2+30+3+266+43=,30+43+266+2+3=,30+43+3+2+266=,30+3+266+43+2=,266+2+43+30+3=
17+55+90+175+109=,30+15+97+229+127=,446,20385,21962,55+17+175+90+109=,109+175+55+90+17=,175+109+90+17+55=,175+109+90+55+17=,17+55+109+175+90=,55+90+109+17+175=,55+109+17+90+175=,17+109+175+90+55=,55+109+175+90+17=
34+419+44+46+124=,114+143+117+296+13=,667,19774,24887,34+419+124+46+44=,124+44+46+419+34=,419+34+44+46+124=,46+34+419+44+124=,46+44+34+124+419=,419+124+34+46+44=,44+34+46+124+419=,34+419+124+44+46=,124+419+44+34+46=
215+22+86+135+11=,15+36+214+51+120=,469,21330,21299,22+135+86+11+215=,22+135+11+215+86=,22+11+86+215+135=,11+86+135+215+22=,22+135+11+86+215=,135+86+11+215+22=,135+86+11+22+215=,215+86+11+135+22=,135+215+22+86+11=
166+41+2+157+74=,30+15+97+229+127=,440,14868,21962,166+41+157+74+2=,41+157+2+74+166=,166+74+157+2+41=,166+2+157+41+74=,41+166+157+74+2=,2+166+157+41+74=,166+41+74+2+157=,2+41+166+74+157=,2+157+41+166+74=
16+101+48+219+135=,307+21+1+361+46=,519,21851,23969,48+219+135+101+16=,16+219+48+135+101=,48+101+219+135+16=,48+135+16+219+101=,48+16+101+135+219=,135+219+16+48+101=,219+135+16+101+48=,219+16+101+48+135=,16+219+135+48+101=
92+112+36+52+66=,39+1+171+6+53=,358,17112,10914,66+112+92+36+52=,36+66+52+92+112=,112+92+36+66+52=,92+66+112+52+36=,36+52+112+92+66=,92+112+36+66+52=,92+112+52+36+66=,66+36+52+112+92=,112+36+92+52+66=
1+31+184+397+137=,21+261+301+75+27=,750,11711,23717,397+1+137+31+184=,397+1+137+184+31=,31+1+184+397+137=,1+184+31+137+397=,1+397+31+137+184=,184+31+137+1+397=,137+1+397+184+31=,31+184+397+1+137=,1+137+31+397+184=
59+68+28+38+289=,181+35+32+7+37=,482,21984,16443,59+38+68+289+28=,289+28+68+59+38=,28+289+59+68+38=,38+28+289+59+68=,68+59+38+28+289=,68+59+28+289+38=,38+28+289+68+59=,68+59+28+38+289=,68+38+28+289+59=
11+204+10+218+225=,174+274+60+49+125=,668,24427,25178,225+218+204+10+11=,11+204+10+225+218=,225+218+10+204+11=,10+11+225+204+218=,10+225+218+11+204=,225+11+204+10+218=,11+225+204+218+10=,204+218+11+225+10=,225+10+204+11+218=
406+43+126+42+13=,32+101+76+123+270=,630,18660,20224,13+43+126+406+42=,126+13+42+406+43=,13+43+126+42+406=,43+13+126+406+42=,406+42+126+43+13=,42+406+13+43+126=,13+406+42+126+43=,406+42+126+13+43=,43+126+406+13+42=
257+160+37+234+225=,36+14+18+5+47=,913,24331,4364,37+160+225+234+257=,225+257+37+234+160=,160+37+234+257+225=,225+160+234+37+257=,160+257+234+37+225=,234+225+160+37+257=,225+234+160+37+257=,37+257+225+160+234=,37+160+257+225+234=
221+40+55+331+12=,257+160+37+234+225=,659,25090,24331,40+55+331+12+221=,221+55+12+40+331=,40+12+55+331+221=,331+55+221+12+40=,221+12+40+331+55=,221+331+12+55+40=,55+221+40+331+12=,221+40+12+55+331=,331+40+221+55+12=
45+189+209+467+31=,58+147+72+103+23=,941,21322,13074,45+189+31+467+209=,209+45+31+189+467=,209+31+45+467+189=,209+189+31+467+45=,209+467+189+31+45=,467+189+31+45+209=,31+467+209+45+189=,467+209+31+45+189=,209+467+31+189+45=
211+9+77+84+121=,27+342+254+122+252=,502,17824,22694,84+211+9+77+121=,121+84+9+211+77=,77+211+9+121+84=,9+84+211+121+77=,9+121+84+211+77=,121+84+211+77+9=,84+9+211+77+121=,9+77+84+121+211=,211+121+84+9+77=
30+15+97+229+127=,278+62+2+37+16=,498,21962,19498,97+30+229+15+127=,127+15+229+30+97=,229+127+97+15+30=,97+229+15+127+30=,97+15+30+127+229=,15+229+30+127+97=,97+30+229+127+15=,97+127+30+15+229=,30+127+97+229+15=
27+82+74+10+4=,234+108+66+60+145=,197,4468,22922,74+27+82+4+10=,10+27+4+82+74=,10+74+27+4+82=,82+27+74+4+10=,27+10+82+74+4=,74+10+82+4+27=,74+4+82+10+27=,4+10+74+82+27=,74+27+10+4+82=
142+123+193+43+227=,307+21+1+361+46=,728,24054,23969,193+227+142+43+123=,142+43+193+123+227=,123+193+43+142+227=,227+123+193+142+43=,193+227+123+142+43=,193+43+123+142+227=,227+43+142+193+123=,43+227+193+123+142=,142+193+227+43+123=
84+198+20+40+55=,35+115+88+12+124=,397,20698,18265,40+55+198+84+20=,20+84+55+198+40=,198+20+84+55+40=,20+55+84+198+40=,55+40+198+84+20=,84+40+198+55+20=,55+84+198+20+40=,20+40+198+55+84=,198+84+40+20+55=
313+114+36+20+158=,23+41+21+3+728=,641,23525,23713,158+20+36+313+114=,313+114+20+158+36=,158+20+313+114+36=,20+114+36+313+158=,158+20+36+114+313=,36+114+158+20+313=,36+20+158+313+114=,158+114+313+20+36=,114+36+158+313+20=
43+45+96+42+157=,11+52+23+18+6=,383,19230,5120,157+96+42+45+43=,43+45+42+157+96=,45+43+96+157+42=,96+45+157+43+42=,96+45+43+42+157=,43+157+96+42+45=,96+157+43+42+45=,43+96+42+157+45=,157+43+96+42+45=
41+46+74+86+5=,111+46+56+45+256=,252,12326,20998,74+46+41+5+86=,74+86+41+46+5=,74+86+46+5+41=,5+74+86+46+41=,86+41+46+74+5=,46+86+5+41+74=,41+74+86+46+5=,41+74+5+86+46=,5+46+86+41+74=
199+263+128+16+51=,333+108+17+130+109=,657,23480,25388,51+199+128+16+263=,128+199+16+263+51=,16+199+128+263+51=,51+199+16+128+263=,51+16+128+263+199=,16+128+51+199+263=,51+128+199+16+263=,263+128+16+51+199=,51+263+128+16+199=
57+167+86+26+77=,378+166+270+78+55=,413,19288,26511,26+77+57+167+86=,57+86+26+167+77=,167+57+77+26+86=,26+167+86+77+57=,77+57+167+26+86=,167+86+26+77+57=,77+86+57+167+26=,167+77+86+57+26=,167+86+77+57+26=
4+404+38+237+45=,353+128+67+49+49=,728,24054,22642,404+4+38+45+237=,45+38+404+237+4=,404+237+38+4+45=,237+404+4+45+38=,38+237+45+4+404=,45+38+4+237+404=,237+45+4+404+38=,38+237+4+45+404=,45+404+4+237+38=
103+104+215+94+14=,17+64+230+48+25=,530,17252,12910,94+215+103+14+104=,14+104+103+94+215=,215+94+104+103+14=,14+94+104+215+103=,103+14+215+104+94=,14+103+104+215+94=,215+103+104+94+14=,94+104+14+215+103=,94+14+103+104+215=
1+117+52+22+98=,32+101+76+123+270=,290,13754,20224,52+22+117+1+98=,1+52+117+98+22=,1+117+22+52+98=,1+98+52+117+22=,52+22+1+117+98=,98+52+22+1+117=,52+98+117+1+22=,52+22+1+98+117=,117+22+98+52+1=
272+19+38+119+211=,31+13+15+99+66=,659,25090,10697,272+211+119+38+19=,19+38+272+119+211=,211+119+38+19+272=,19+211+272+38+119=,38+211+272+119+19=,211+272+38+19+119=,211+19+119+272+38=,119+38+272+19+211=,19+38+211+272+119=
181+35+32+7+37=,3+65+184+99+56=,292,16443,18501,7+35+181+32+37=,181+35+7+37+32=,7+32+37+181+35=,181+35+32+37+7=,181+37+35+32+7=,7+37+181+35+32=,35+7+32+181+37=,37+7+35+181+32=,32+7+35+181+37=
61+16+39+56+68=,38+119+130+113+105=,240,8273,17786,68+16+56+39+61=,61+68+16+56+39=,16+61+68+39+56=,56+39+68+61+16=,61+39+56+16+68=,68+16+39+56+61=,56+61+16+39+68=,56+68+16+61+39=,68+61+56+16+39=
11+8+491+98+135=,47+35+205+6+19=,743,26260,13384,11+491+98+8+135=,135+491+98+11+8=,11+8+135+491+98=,98+11+491+135+8=,135+491+11+8+98=,11+8+98+491+135=,98+491+8+135+11=,491+11+135+8+98=,491+135+98+11+8=
148+93+34+297+154=,63+6+2+12+26=,726,24430,7743,34+93+297+148+154=,34+297+148+154+93=,154+34+297+93+148=,93+297+34+148+154=,154+34+297+148+93=,154+93+297+148+34=,297+93+148+34+154=,93+148+297+154+34=,34+297+154+148+93=
58+147+72+103+23=,39+1+171+6+53=,403,13074,10914,103+147+72+58+23=,58+72+103+147+23=,72+103+23+147+58=,147+72+23+103+58=,103+147+23+72+58=,72+147+58+103+23=,103+147+58+72+23=,147+58+103+72+23=,103+58+23+72+147=
163+26+344+177+137=,378+166+270+78+55=,847,25125,26511,137+163+26+344+177=,26+344+177+163+137=,137+26+344+163+177=,26+137+163+177+344=,26+344+137+177+163=,163+137+177+344+26=,344+163+26+177+137=,163+26+137+177+344=,344+177+26+137+163=
201+151+75+85+56=,121+112+22+243+31=,568,22049,21618,85+75+56+151+201=,151+56+85+75+201=,56+201+75+151+85=,75+151+85+56+201=,75+201+151+56+85=,201+151+56+75+85=,75+85+151+56+201=,85+201+56+151+75=,201+75+56+151+85=
23+44+51+118+47=,41+10+21+137+12=,283,16085,12425,44+118+23+51+47=,118+44+23+47+51=,51+47+44+118+23=,44+23+51+118+47=,51+44+23+118+47=,118+51+23+47+44=,47+118+44+23+51=,51+47+23+44+118=,51+118+23+44+47=
35+115+88+12+124=,38+119+130+113+105=,374,18265,17786,115+88+124+12+35=,88+12+35+124+115=,124+88+35+12+115=,115+124+88+12+35=,35+12+124+88+115=,124+12+115+88+35=,12+124+35+88+115=,12+35+124+88+115=,88+12+124+115+35=
174+274+60+49+125=,201+10+75+678+31=,682,25178,22101,60+49+174+274+125=,174+125+274+60+49=,174+49+274+125+60=,274+174+60+125+49=,60+125+174+274+49=,174+60+125+49+274=,274+174+125+60+49=,125+49+274+60+174=,60+274+174+125+49=
38+119+130+113+105=,172+230+135+63+292=,505,17786,24110,113+105+38+119+130=,105+119+113+38+130=,105+130+119+38+113=,38+119+105+113+130=,105+130+119+113+38=,105+119+38+113+130=,113+105+130+119+38=,119+113+130+38+105=,38+105+130+119+113=
236+28+499+92+140=,47+35+205+6+19=,995,22101,13384,499+140+92+28+236=,236+140+499+92+28=,236+499+28+92+140=,28+140+236+499+92=,92+28+140+499+236=,499+236+92+28+140=,140+236+92+499+28=,92+140+236+499+28=,92+499+236+28+140=
41+65+144+34+62=,166+24+3+55+61=,346,18061,15500,144+65+41+34+62=,34+144+65+62+41=,144+65+62+34+41=,65+62+34+41+144=,41+62+34+144+65=,34+65+144+41+62=,34+41+65+62+144=,41+62+65+144+34=,65+34+62+41+144=
82+208+77+95+72=,163+26+344+177+137=,534,22467,25125,77+72+95+82+208=,72+208+77+95+82=,77+82+208+95+72=,77+82+208+72+95=,208+72+77+82+95=,72+77+95+208+82=,95+82+77+208+72=,82+77+95+208+72=,77+72+95+208+82=
8+242+110+95+120=,33+159+207+240+222=,575,21228,24963,120+8+242+110+95=,110+120+242+8+95=,95+242+120+8+110=,8+242+110+120+95=,95+120+110+8+242=,110+242+8+120+95=,8+95+242+120+110=,242+8+95+120+110=,120+95+242+8+110=
172+230+135+63+292=,166+24+3+55+61=,892,24110,15500,292+172+230+63+135=,135+63+230+172+292=,292+63+230+172+135=,172+230+292+63+135=,135+230+292+63+172=,135+63+230+292+172=,172+63+292+230+135=,63+172+230+292+135=,292+172+63+135+230=
16+240+10+30+32=,320+42+151+106+41=,328,16884,19274,16+32+30+240+10=,10+30+240+16+32=,16+32+240+30+10=,240+10+16+32+30=,30+32+240+16+10=,240+10+32+16+30=,30+32+16+10+240=,32+240+30+10+16=,10+30+32+240+16=
121+112+22+243+31=,138+138+45+270+14=,529,21618,19666,243+121+112+31+22=,112+243+31+22+121=,121+31+112+22+243=,243+112+31+121+22=,243+121+22+31+112=,121+22+31+112+243=,22+31+121+243+112=,121+243+31+22+112=,112+243+22+31+121=
312+83+66+25+16=,50+122+24+22+71=,502,17824,17212,16+25+66+83+312=,16+83+25+66+312=,83+16+66+312+25=,25+312+16+66+83=,83+16+312+25+66=,83+25+312+66+16=,25+312+16+83+66=,312+83+16+25+66=,83+66+16+312+25=
39+1+171+6+53=,74+206+14+50+210=,270,10914,22303,39+171+1+6+53=,1+171+6+39+53=,53+171+1+6+39=,53+39+171+1+6=,39+1+171+53+6=,39+6+171+53+1=,171+53+39+1+6=,6+53+171+39+1=,1+6+171+53+39=
9+184+195+4+131=,11+204+10+218+225=,523,21123,24427,184+131+195+9+4=,184+131+4+9+195=,4+195+184+9+131=,184+195+4+9+131=,9+195+4+184+131=,131+184+9+4+195=,195+184+9+131+4=,4+131+184+9+195=,184+195+9+4+131=
386+91+46+13+61=,111+46+56+45+256=,597,24574,20998,13+61+91+386+46=,13+386+46+61+91=,61+46+91+386+13=,46+13+386+91+61=,61+13+386+91+46=,46+91+61+13+386=,61+46+386+13+91=,46+13+91+386+61=,386+61+46+91+13=
